month,Futurology_algorithm,technology_algorithm,science_algorithm,askscience_algorithm,gadgets_algorithm,books_algorithm,scifi_algorithm,movies_algorithm,gaming_algorithm,television_algorithm,news_algorithm,worldnews_algorithm,politics_algorithm,philosophy_algorithm,AskReddit_algorithm,todayilearned_algorithm,explainlikeimfive_algorithm
2006-10-01,,,1,,,,,,,,,,,,,,
2006-11-01,,,1,,,,,,,,,,,,,,
2006-12-01,,,0,,,,,,,,,,,,,,
2007-01-01,,,2,,,,,,,,,,,,,,
2007-02-01,,,2,,,,,,,,,,,,,,
2007-03-01,,,6,,,,,,,,,,,,,,
2007-04-01,,,0,,,,,,,,,,,,,,
2007-05-01,,,0,,,,,,,,,,,,,,
2007-06-01,,,2,,,,,,,,,,,,,,
2007-07-01,,,6,,,,,,,,,,,,,,
2007-08-01,,,3,,,,,,,,,,2.0,,,,
2007-09-01,,,4,,,,,,,,,,0.0,,,,
2007-10-01,,,9,,,,,,,,,,2.0,,,,
2007-11-01,,,6,,,,,,,,,,7.0,,,,
2007-12-01,,,8,,,,,,,,,,23.0,,,,
2008-01-01,,,16,,1.0,,,,,,,,19.0,,,,
2008-02-01,,,18,,0.0,,,,,,,,16.0,,,,
2008-03-01,,,10,,1.0,,,,2.0,,,,7.0,1.0,5.0,,
2008-04-01,,3.0,18,,1.0,,2.0,,5.0,,,2.0,10.0,4.0,8.0,,
2008-05-01,,12.0,8,,1.0,,0.0,,2.0,,,2.0,4.0,1.0,4.0,,
2008-06-01,,20.0,7,,0.0,1.0,0.0,,4.0,,,10.0,3.0,1.0,18.0,,
2008-07-01,,22.0,11,,1.0,1.0,1.0,,4.0,,,1.0,7.0,0.0,9.0,,
2008-08-01,,15.0,15,,0.0,0.0,1.0,2.0,6.0,,2.0,4.0,6.0,1.0,8.0,,
2008-09-01,,11.0,8,,3.0,0.0,0.0,0.0,1.0,,1.0,3.0,9.0,0.0,11.0,,
2008-10-01,,28.0,15,,2.0,0.0,0.0,0.0,0.0,,0.0,2.0,16.0,0.0,13.0,,
2008-11-01,,7.0,18,,2.0,0.0,0.0,1.0,2.0,,1.0,1.0,2.0,0.0,9.0,,
2008-12-01,,24.0,16,,1.0,1.0,0.0,0.0,3.0,,0.0,4.0,3.0,1.0,20.0,,
2009-01-01,,23.0,21,,2.0,0.0,1.0,1.0,13.0,,2.0,4.0,9.0,6.0,20.0,,
2009-02-01,,15.0,31,,0.0,0.0,0.0,0.0,6.0,,1.0,4.0,6.0,5.0,20.0,,
2009-03-01,,45.0,19,,3.0,0.0,2.0,0.0,9.0,,0.0,3.0,0.0,3.0,23.0,,
2009-04-01,,31.0,7,,0.0,0.0,0.0,2.0,8.0,,1.0,1.0,7.0,5.0,38.0,1.0,
2009-05-01,,34.0,14,,3.0,1.0,1.0,0.0,6.0,,0.0,6.0,11.0,4.0,41.0,0.0,
2009-06-01,,32.0,41,,0.0,1.0,2.0,1.0,16.0,,0.0,5.0,3.0,5.0,49.0,1.0,
2009-07-01,,36.0,19,,1.0,0.0,1.0,1.0,12.0,,0.0,5.0,12.0,2.0,43.0,0.0,
2009-08-01,,17.0,18,,2.0,0.0,4.0,0.0,20.0,,1.0,4.0,11.0,2.0,47.0,5.0,
2009-09-01,,29.0,17,,0.0,1.0,1.0,0.0,25.0,,0.0,0.0,4.0,2.0,60.0,5.0,
2009-10-01,,20.0,21,,0.0,1.0,0.0,1.0,20.0,,0.0,2.0,6.0,4.0,67.0,1.0,
2009-11-01,,19.0,22,,3.0,2.0,1.0,0.0,10.0,,0.0,5.0,9.0,16.0,66.0,6.0,
2009-12-01,,45.0,41,,1.0,0.0,0.0,2.0,25.0,,0.0,9.0,12.0,11.0,52.0,9.0,
2010-01-01,,43.0,35,,1.0,1.0,1.0,2.0,16.0,,2.0,6.0,11.0,3.0,84.0,2.0,
2010-02-01,,27.0,55,,1.0,3.0,2.0,1.0,19.0,,1.0,1.0,14.0,10.0,75.0,8.0,
2010-03-01,,66.0,38,,3.0,1.0,0.0,8.0,46.0,,0.0,7.0,7.0,4.0,83.0,3.0,
2010-04-01,,32.0,30,4.0,0.0,3.0,4.0,2.0,20.0,,0.0,6.0,20.0,5.0,70.0,3.0,
2010-05-01,,17.0,35,1.0,3.0,3.0,1.0,1.0,31.0,,0.0,8.0,6.0,0.0,75.0,4.0,
2010-06-01,,24.0,29,1.0,0.0,11.0,0.0,1.0,32.0,,0.0,0.0,13.0,4.0,89.0,6.0,
2010-07-01,,44.0,21,2.0,4.0,6.0,1.0,5.0,38.0,,1.0,10.0,18.0,8.0,106.0,4.0,
2010-08-01,,38.0,50,6.0,2.0,3.0,0.0,0.0,26.0,,0.0,18.0,23.0,9.0,100.0,6.0,
2010-09-01,,48.0,24,5.0,4.0,3.0,3.0,7.0,21.0,,1.0,4.0,20.0,4.0,80.0,11.0,
2010-10-01,,38.0,28,10.0,1.0,0.0,2.0,1.0,29.0,,5.0,6.0,19.0,5.0,79.0,7.0,
2010-11-01,,32.0,27,9.0,2.0,5.0,0.0,3.0,51.0,,2.0,6.0,17.0,12.0,80.0,6.0,
2010-12-01,,68.0,35,2.0,0.0,0.0,1.0,5.0,47.0,,0.0,17.0,42.0,15.0,114.0,10.0,
2011-01-01,,51.0,51,13.0,2.0,1.0,1.0,5.0,40.0,1.0,1.0,4.0,30.0,7.0,124.0,23.0,
2011-02-01,,101.0,35,33.0,7.0,3.0,1.0,3.0,44.0,0.0,0.0,14.0,41.0,4.0,109.0,19.0,
2011-03-01,,32.0,17,44.0,5.0,1.0,0.0,3.0,74.0,0.0,2.0,31.0,29.0,3.0,125.0,16.0,
2011-04-01,,44.0,30,37.0,1.0,2.0,0.0,1.0,95.0,0.0,2.0,9.0,32.0,21.0,122.0,13.0,
2011-05-01,,111.0,37,70.0,4.0,1.0,1.0,4.0,84.0,0.0,4.0,10.0,35.0,13.0,127.0,19.0,
2011-06-01,,85.0,17,35.0,4.0,4.0,0.0,9.0,73.0,0.0,1.0,13.0,37.0,5.0,130.0,39.0,
2011-07-01,,72.0,11,44.0,1.0,1.0,3.0,1.0,60.0,0.0,2.0,11.0,24.0,16.0,137.0,22.0,24.0
2011-08-01,,51.0,21,40.0,2.0,7.0,2.0,5.0,129.0,0.0,4.0,11.0,16.0,4.0,116.0,18.0,73.0
2011-09-01,,57.0,15,27.0,0.0,5.0,8.0,6.0,46.0,1.0,8.0,7.0,35.0,20.0,154.0,18.0,33.0
2011-10-01,,60.0,23,50.0,2.0,0.0,1.0,14.0,51.0,0.0,4.0,16.0,33.0,9.0,123.0,28.0,56.0
2011-11-01,,48.0,50,81.0,0.0,2.0,0.0,2.0,139.0,0.0,4.0,12.0,34.0,12.0,165.0,52.0,78.0
2011-12-01,,28.0,28,82.0,5.0,7.0,0.0,3.0,51.0,0.0,3.0,22.0,42.0,12.0,130.0,22.0,107.0
2012-01-01,,87.0,33,71.0,0.0,2.0,0.0,12.0,56.0,0.0,5.0,19.0,50.0,36.0,123.0,23.0,41.0
2012-02-01,,107.0,83,96.0,3.0,0.0,2.0,1.0,47.0,0.0,1.0,6.0,31.0,9.0,204.0,29.0,48.0
2012-03-01,,76.0,19,69.0,2.0,1.0,1.0,2.0,54.0,0.0,2.0,7.0,59.0,15.0,201.0,20.0,86.0
2012-04-01,2.0,79.0,59,65.0,2.0,2.0,0.0,4.0,59.0,0.0,5.0,13.0,54.0,31.0,191.0,20.0,43.0
2012-05-01,3.0,124.0,26,47.0,4.0,4.0,0.0,4.0,93.0,0.0,2.0,20.0,52.0,7.0,243.0,18.0,66.0
2012-06-01,5.0,115.0,68,79.0,1.0,3.0,0.0,9.0,53.0,0.0,2.0,16.0,43.0,15.0,187.0,38.0,49.0
2012-07-01,2.0,107.0,39,62.0,4.0,3.0,2.0,12.0,63.0,0.0,12.0,24.0,44.0,24.0,227.0,63.0,43.0
2012-08-01,36.0,153.0,77,71.0,2.0,9.0,0.0,8.0,61.0,0.0,12.0,13.0,58.0,9.0,318.0,49.0,69.0
2012-09-01,8.0,117.0,44,52.0,5.0,1.0,2.0,13.0,40.0,0.0,7.0,14.0,51.0,22.0,209.0,41.0,104.0
2012-10-01,14.0,144.0,25,60.0,6.0,3.0,0.0,8.0,78.0,0.0,0.0,8.0,67.0,17.0,172.0,69.0,63.0
2012-11-01,9.0,144.0,45,50.0,0.0,2.0,1.0,16.0,63.0,0.0,3.0,27.0,103.0,11.0,226.0,40.0,30.0
2012-12-01,18.0,192.0,44,33.0,5.0,10.0,0.0,10.0,40.0,0.0,11.0,17.0,64.0,13.0,263.0,41.0,56.0
2013-01-01,20.0,142.0,50,83.0,4.0,1.0,2.0,15.0,57.0,0.0,1.0,21.0,160.0,13.0,230.0,80.0,38.0
2013-02-01,12.0,145.0,42,56.0,3.0,7.0,2.0,3.0,57.0,1.0,3.0,27.0,33.0,36.0,236.0,54.0,51.0
2013-03-01,21.0,256.0,37,139.0,5.0,1.0,0.0,10.0,99.0,0.0,8.0,21.0,57.0,9.0,224.0,62.0,50.0
2013-04-01,20.0,213.0,22,94.0,1.0,4.0,3.0,11.0,71.0,0.0,55.0,58.0,50.0,7.0,268.0,91.0,115.0
2013-05-01,49.0,212.0,61,85.0,3.0,9.0,1.0,8.0,88.0,0.0,5.0,37.0,44.0,23.0,212.0,52.0,81.0
2013-06-01,45.0,304.0,50,55.0,3.0,1.0,1.0,13.0,142.0,1.0,37.0,74.0,100.0,13.0,247.0,57.0,64.0
2013-07-01,34.0,233.0,28,74.0,3.0,6.0,0.0,11.0,76.0,2.0,43.0,84.0,105.0,18.0,215.0,43.0,96.0
2013-08-01,49.0,261.0,45,35.0,0.0,6.0,1.0,23.0,83.0,6.0,52.0,123.0,43.0,15.0,378.0,45.0,153.0
2013-09-01,33.0,275.0,61,80.0,2.0,9.0,2.0,8.0,64.0,3.0,46.0,56.0,55.0,7.0,206.0,43.0,159.0
2013-10-01,25.0,204.0,14,56.0,1.0,16.0,1.0,7.0,51.0,0.0,23.0,78.0,58.0,27.0,307.0,48.0,134.0
2013-11-01,38.0,229.0,29,53.0,2.0,2.0,2.0,6.0,76.0,3.0,21.0,59.0,15.0,17.0,219.0,48.0,173.0
2013-12-01,39.0,368.0,55,52.0,3.0,7.0,3.0,15.0,33.0,4.0,42.0,145.0,45.0,58.0,227.0,49.0,179.0
2014-01-01,65.0,216.0,31,131.0,2.0,9.0,2.0,22.0,56.0,5.0,22.0,120.0,26.0,16.0,255.0,77.0,161.0
2014-02-01,28.0,128.0,47,97.0,2.0,9.0,2.0,15.0,46.0,0.0,19.0,72.0,33.0,19.0,169.0,70.0,106.0
2014-03-01,40.0,289.0,13,115.0,3.0,7.0,1.0,10.0,43.0,4.0,48.0,61.0,20.0,18.0,237.0,119.0,151.0
2014-04-01,37.0,186.0,29,44.0,0.0,7.0,2.0,67.0,58.0,13.0,41.0,45.0,34.0,19.0,359.0,57.0,121.0
2014-05-01,93.0,116.0,38,84.0,5.0,8.0,3.0,16.0,55.0,6.0,32.0,112.0,33.0,46.0,245.0,38.0,169.0
2014-06-01,48.0,104.0,59,67.0,12.0,13.0,0.0,22.0,57.0,21.0,37.0,62.0,77.0,46.0,277.0,58.0,139.0
2014-07-01,71.0,107.0,36,37.0,13.0,11.0,0.0,31.0,27.0,16.0,40.0,104.0,52.0,40.0,257.0,82.0,127.0
2014-08-01,87.0,101.0,63,87.0,4.0,5.0,2.0,29.0,77.0,2.0,33.0,51.0,15.0,69.0,275.0,56.0,135.0
2014-09-01,51.0,134.0,26,55.0,13.0,3.0,9.0,23.0,21.0,1.0,60.0,37.0,34.0,17.0,197.0,45.0,129.0
2014-10-01,80.0,140.0,32,65.0,5.0,10.0,7.0,26.0,24.0,6.0,59.0,47.0,30.0,14.0,313.0,97.0,151.0
2014-11-01,75.0,113.0,54,63.0,3.0,12.0,0.0,20.0,43.0,2.0,54.0,50.0,52.0,21.0,275.0,95.0,134.0
2014-12-01,127.0,129.0,33,105.0,6.0,21.0,2.0,21.0,29.0,4.0,73.0,84.0,18.0,14.0,260.0,66.0,116.0
2015-01-01,87.0,94.0,42,75.0,5.0,14.0,1.0,17.0,26.0,8.0,45.0,78.0,16.0,42.0,256.0,104.0,242.0
2015-02-01,126.0,123.0,52,46.0,10.0,16.0,1.0,18.0,25.0,21.0,28.0,49.0,33.0,23.0,198.0,65.0,158.0
2015-03-01,90.0,177.0,13,64.0,6.0,47.0,2.0,17.0,42.0,5.0,46.0,37.0,39.0,32.0,273.0,81.0,165.0
2015-04-01,111.0,100.0,33,85.0,5.0,14.0,2.0,33.0,40.0,8.0,32.0,47.0,28.0,15.0,252.0,57.0,201.0
2015-05-01,142.0,128.0,68,70.0,2.0,13.0,10.0,44.0,32.0,11.0,48.0,66.0,51.0,19.0,353.0,68.0,191.0
2015-06-01,175.0,166.0,46,40.0,6.0,20.0,2.0,22.0,54.0,11.0,50.0,69.0,28.0,42.0,288.0,76.0,136.0
2015-07-01,195.0,251.0,75,48.0,11.0,35.0,4.0,38.0,39.0,6.0,88.0,58.0,32.0,18.0,309.0,153.0,213.0
2015-08-01,132.0,106.0,50,76.0,11.0,10.0,5.0,14.0,34.0,5.0,51.0,68.0,34.0,17.0,340.0,73.0,144.0
2015-09-01,113.0,139.0,25,65.0,7.0,19.0,0.0,30.0,25.0,7.0,77.0,79.0,27.0,14.0,403.0,147.0,262.0
2015-10-01,179.0,389.0,64,40.0,16.0,11.0,5.0,64.0,68.0,10.0,145.0,81.0,73.0,62.0,513.0,92.0,244.0
2015-11-01,112.0,172.0,69,63.0,10.0,4.0,2.0,26.0,37.0,11.0,100.0,155.0,70.0,49.0,342.0,60.0,253.0
2015-12-01,176.0,199.0,53,52.0,3.0,9.0,6.0,26.0,51.0,10.0,116.0,64.0,109.0,34.0,342.0,90.0,238.0
2016-01-01,118.0,133.0,84,47.0,34.0,11.0,5.0,60.0,33.0,2.0,99.0,78.0,164.0,87.0,378.0,91.0,212.0
2016-02-01,133.0,230.0,25,26.0,15.0,12.0,1.0,95.0,38.0,12.0,111.0,67.0,141.0,15.0,289.0,101.0,136.0
2016-03-01,326.0,222.0,46,51.0,4.0,6.0,4.0,47.0,70.0,40.0,142.0,362.0,145.0,29.0,307.0,64.0,217.0
2016-04-01,106.0,157.0,76,55.0,8.0,20.0,5.0,52.0,56.0,12.0,74.0,307.0,158.0,24.0,326.0,99.0,157.0
2016-05-01,122.0,192.0,33,67.0,15.0,15.0,3.0,29.0,78.0,19.0,185.0,87.0,135.0,59.0,416.0,63.0,216.0
2016-06-01,188.0,285.0,33,40.0,14.0,15.0,20.0,45.0,55.0,12.0,97.0,82.0,388.0,101.0,447.0,63.0,224.0
2016-07-01,125.0,188.0,63,66.0,7.0,19.0,0.0,48.0,85.0,14.0,108.0,136.0,322.0,38.0,380.0,75.0,140.0
2016-08-01,92.0,148.0,131,38.0,13.0,12.0,0.0,51.0,317.0,15.0,84.0,73.0,242.0,35.0,408.0,44.0,141.0
2016-09-01,204.0,154.0,48,35.0,21.0,13.0,1.0,36.0,77.0,12.0,102.0,120.0,255.0,22.0,392.0,98.0,121.0
2016-10-01,188.0,253.0,24,186.0,12.0,8.0,1.0,22.0,67.0,14.0,82.0,143.0,279.0,28.0,300.0,54.0,190.0
2016-11-01,165.0,230.0,38,77.0,6.0,24.0,1.0,52.0,51.0,19.0,84.0,96.0,460.0,33.0,357.0,90.0,134.0
2016-12-01,119.0,197.0,58,76.0,3.0,17.0,0.0,34.0,86.0,30.0,235.0,140.0,266.0,37.0,602.0,83.0,219.0
2017-01-01,201.0,169.0,63,86.0,7.0,19.0,0.0,37.0,64.0,28.0,146.0,142.0,207.0,18.0,442.0,52.0,141.0
2017-02-01,105.0,176.0,25,18.0,8.0,13.0,1.0,37.0,31.0,30.0,86.0,94.0,247.0,29.0,440.0,62.0,162.0
2017-03-01,179.0,282.0,54,105.0,19.0,5.0,17.0,92.0,89.0,16.0,74.0,170.0,233.0,40.0,381.0,97.0,169.0
2017-04-01,131.0,120.0,76,96.0,19.0,2.0,0.0,56.0,61.0,38.0,137.0,190.0,228.0,40.0,397.0,58.0,155.0
2017-05-01,151.0,89.0,28,56.0,18.0,31.0,0.0,46.0,52.0,58.0,104.0,180.0,178.0,17.0,449.0,51.0,181.0
2017-06-01,202.0,206.0,46,60.0,18.0,4.0,0.0,39.0,65.0,107.0,62.0,175.0,225.0,22.0,422.0,53.0,130.0
2017-07-01,148.0,252.0,40,43.0,30.0,7.0,3.0,37.0,76.0,36.0,88.0,63.0,166.0,18.0,362.0,41.0,157.0
2017-08-01,89.0,152.0,35,44.0,11.0,31.0,1.0,55.0,51.0,35.0,93.0,120.0,209.0,13.0,444.0,47.0,111.0
2017-09-01,88.0,166.0,175,27.0,26.0,15.0,2.0,37.0,54.0,27.0,107.0,147.0,281.0,34.0,388.0,103.0,116.0
2017-10-01,127.0,122.0,52,82.0,16.0,13.0,6.0,43.0,102.0,27.0,190.0,134.0,213.0,49.0,450.0,57.0,86.0
2017-11-01,100.0,206.0,53,35.0,23.0,7.0,5.0,59.0,126.0,16.0,192.0,190.0,171.0,23.0,404.0,68.0,115.0
2017-12-01,168.0,113.0,40,83.0,21.0,4.0,6.0,66.0,64.0,25.0,133.0,142.0,159.0,19.0,538.0,51.0,68.0
2018-01-01,149.0,151.0,36,58.0,8.0,16.0,4.0,73.0,82.0,45.0,212.0,163.0,220.0,22.0,551.0,68.0,129.0
2018-02-01,197.0,247.0,62,28.0,7.0,10.0,2.0,65.0,62.0,64.0,194.0,239.0,280.0,30.0,439.0,91.0,77.0
2018-03-01,200.0,244.0,30,41.0,30.0,19.0,3.0,56.0,85.0,25.0,206.0,287.0,396.0,41.0,539.0,116.0,84.0
2018-04-01,90.0,178.0,26,29.0,10.0,6.0,0.0,75.0,76.0,37.0,131.0,193.0,236.0,13.0,477.0,135.0,121.0
2018-05-01,124.0,161.0,95,32.0,73.0,16.0,0.0,45.0,131.0,64.0,160.0,228.0,187.0,22.0,649.0,129.0,123.0
2018-06-01,84.0,134.0,43,28.0,18.0,4.0,1.0,39.0,90.0,16.0,100.0,97.0,201.0,13.0,459.0,52.0,53.0
2018-07-01,86.0,202.0,27,32.0,17.0,16.0,4.0,68.0,89.0,24.0,208.0,151.0,210.0,56.0,517.0,112.0,91.0
2018-08-01,71.0,260.0,19,40.0,29.0,11.0,7.0,67.0,77.0,77.0,120.0,279.0,585.0,8.0,550.0,166.0,84.0
2018-09-01,60.0,192.0,52,15.0,31.0,23.0,3.0,117.0,75.0,20.0,111.0,190.0,241.0,15.0,497.0,110.0,117.0
2018-10-01,83.0,159.0,39,31.0,10.0,3.0,5.0,49.0,54.0,37.0,147.0,318.0,213.0,36.0,421.0,128.0,92.0
2018-11-01,93.0,117.0,43,20.0,11.0,11.0,0.0,64.0,109.0,24.0,150.0,100.0,360.0,8.0,574.0,107.0,103.0
2018-12-01,77.0,204.0,44,23.0,12.0,6.0,3.0,73.0,85.0,18.0,208.0,214.0,393.0,35.0,684.0,148.0,96.0
2019-01-01,81.0,250.0,37,65.0,28.0,6.0,2.0,59.0,81.0,20.0,190.0,446.0,213.0,23.0,708.0,115.0,94.0
2019-02-01,109.0,321.0,72,28.0,4.0,5.0,2.0,46.0,68.0,31.0,334.0,265.0,294.0,11.0,680.0,192.0,85.0
2019-03-01,90.0,247.0,50,103.0,10.0,11.0,2.0,73.0,101.0,40.0,130.0,256.0,266.0,17.0,532.0,115.0,102.0
2019-04-01,143.0,319.0,68,108.0,8.0,9.0,3.0,42.0,70.0,43.0,110.0,458.0,512.0,23.0,776.0,89.0,84.0
2019-05-01,181.0,226.0,74,22.0,20.0,9.0,3.0,48.0,57.0,34.0,180.0,118.0,158.0,22.0,656.0,132.0,97.0
2019-06-01,212.0,189.0,64,20.0,19.0,16.0,3.0,32.0,81.0,34.0,211.0,260.0,248.0,19.0,727.0,73.0,77.0
2019-07-01,170.0,312.0,55,36.0,5.0,10.0,0.0,159.0,78.0,45.0,93.0,291.0,208.0,13.0,635.0,81.0,116.0
2019-08-01,70.0,358.0,26,48.0,12.0,12.0,5.0,63.0,57.0,65.0,168.0,190.0,311.0,18.0,717.0,64.0,107.0
2019-09-01,241.0,239.0,48,27.0,20.0,8.0,1.0,64.0,36.0,40.0,102.0,119.0,157.0,8.0,492.0,101.0,97.0
