month,Futurology_AR,technology_AR,science_AR,askscience_AR,gadgets_AR,books_AR,scifi_AR,movies_AR,gaming_AR,television_AR,news_AR,worldnews_AR,politics_AR,philosophy_AR,AskReddit_AR,todayilearned_AR,explainlikeimfive_AR
2006-10-01,,,1,,,,,,,,,,,,,,
2006-11-01,,,0,,,,,,,,,,,,,,
2006-12-01,,,0,,,,,,,,,,,,,,
2007-01-01,,,0,,,,,,,,,,,,,,
2007-02-01,,,0,,,,,,,,,,,,,,
2007-03-01,,,0,,,,,,,,,,,,,,
2007-04-01,,,0,,,,,,,,,,,,,,
2007-05-01,,,0,,,,,,,,,,,,,,
2007-06-01,,,1,,,,,,,,,,,,,,
2007-07-01,,,0,,,,,,,,,,,,,,
2007-08-01,,,0,,,,,,,,,,1.0,,,,
2007-09-01,,,0,,,,,,,,,,4.0,,,,
2007-10-01,,,1,,,,,,,,,,7.0,,,,
2007-11-01,,,3,,,,,,1.0,,,,6.0,,,,
2007-12-01,,,1,,,,,,0.0,,,,11.0,,,,
2008-01-01,,,1,,,,,,0.0,,,,20.0,,,,
2008-02-01,,,0,,,,,,1.0,,,,17.0,,,,
2008-03-01,,,2,,,,,,1.0,,,,10.0,,,,
2008-04-01,,,6,,2.0,,,,1.0,,,7.0,10.0,,1.0,,
2008-05-01,,3.0,3,,0.0,,,,0.0,,,6.0,14.0,,3.0,,
2008-06-01,,0.0,2,,0.0,,,,1.0,,,6.0,9.0,,4.0,,
2008-07-01,,8.0,3,,2.0,,,,0.0,,,3.0,9.0,,1.0,,
2008-08-01,,1.0,9,,0.0,,,,1.0,,2.0,8.0,18.0,,3.0,,
2008-09-01,,2.0,2,,0.0,,,,5.0,,1.0,8.0,8.0,1.0,4.0,,
2008-10-01,,0.0,5,,0.0,,,,4.0,,0.0,4.0,20.0,1.0,3.0,,
2008-11-01,,2.0,3,,1.0,,,,2.0,,8.0,6.0,13.0,0.0,5.0,,
2008-12-01,,2.0,2,,0.0,,,,4.0,,0.0,7.0,6.0,0.0,3.0,,
2009-01-01,,3.0,3,,2.0,1.0,,,2.0,,0.0,7.0,11.0,0.0,3.0,,
2009-02-01,,2.0,4,,0.0,0.0,,1.0,6.0,,1.0,4.0,52.0,1.0,4.0,,
2009-03-01,,10.0,5,,0.0,0.0,,0.0,7.0,,0.0,7.0,14.0,1.0,9.0,,
2009-04-01,,1.0,5,,0.0,0.0,,0.0,2.0,,4.0,5.0,14.0,1.0,13.0,1.0,
2009-05-01,,2.0,1,,0.0,0.0,,0.0,4.0,,0.0,2.0,8.0,1.0,29.0,0.0,
2009-06-01,,3.0,3,,0.0,2.0,1.0,0.0,13.0,,1.0,6.0,29.0,0.0,41.0,0.0,
2009-07-01,,10.0,2,,0.0,0.0,0.0,2.0,3.0,,1.0,4.0,18.0,1.0,24.0,0.0,
2009-08-01,,6.0,7,,1.0,0.0,1.0,0.0,3.0,,3.0,8.0,141.0,0.0,33.0,0.0,
2009-09-01,,5.0,7,,0.0,3.0,0.0,1.0,8.0,,5.0,4.0,40.0,1.0,50.0,0.0,
2009-10-01,,2.0,3,,0.0,0.0,0.0,0.0,7.0,,0.0,8.0,19.0,0.0,66.0,0.0,
2009-11-01,,4.0,5,,4.0,0.0,1.0,0.0,5.0,,0.0,6.0,11.0,0.0,53.0,2.0,
2009-12-01,,2.0,7,,0.0,1.0,0.0,0.0,30.0,,0.0,7.0,13.0,0.0,50.0,1.0,
2010-01-01,,7.0,3,,5.0,1.0,7.0,0.0,27.0,,1.0,6.0,13.0,0.0,52.0,3.0,
2010-02-01,,16.0,12,,0.0,0.0,0.0,2.0,22.0,,0.0,4.0,17.0,0.0,48.0,1.0,
2010-03-01,,3.0,4,,0.0,5.0,1.0,1.0,27.0,,1.0,11.0,29.0,0.0,64.0,3.0,
2010-04-01,,6.0,5,1.0,0.0,0.0,3.0,0.0,31.0,,0.0,9.0,20.0,1.0,48.0,5.0,
2010-05-01,,6.0,5,0.0,0.0,0.0,0.0,2.0,21.0,,1.0,8.0,28.0,0.0,83.0,3.0,
2010-06-01,,11.0,1,0.0,1.0,0.0,1.0,0.0,20.0,,1.0,6.0,20.0,0.0,68.0,5.0,
2010-07-01,,3.0,3,0.0,1.0,0.0,0.0,0.0,17.0,,3.0,5.0,23.0,0.0,52.0,3.0,
2010-08-01,,6.0,5,0.0,2.0,1.0,0.0,2.0,18.0,,0.0,8.0,27.0,0.0,75.0,0.0,
2010-09-01,,3.0,2,0.0,1.0,0.0,6.0,1.0,21.0,,2.0,11.0,17.0,1.0,91.0,4.0,
2010-10-01,,10.0,5,2.0,1.0,0.0,0.0,3.0,23.0,,4.0,9.0,41.0,0.0,58.0,2.0,
2010-11-01,,9.0,7,2.0,2.0,0.0,1.0,1.0,30.0,,1.0,10.0,25.0,0.0,84.0,4.0,
2010-12-01,,1.0,2,1.0,10.0,1.0,3.0,1.0,14.0,,1.0,13.0,10.0,1.0,84.0,5.0,
2011-01-01,,3.0,11,1.0,1.0,6.0,0.0,3.0,33.0,,1.0,39.0,45.0,3.0,113.0,2.0,
2011-02-01,,11.0,3,3.0,0.0,3.0,0.0,3.0,58.0,1.0,2.0,24.0,26.0,0.0,91.0,6.0,
2011-03-01,,8.0,4,5.0,1.0,2.0,1.0,1.0,135.0,0.0,0.0,20.0,37.0,0.0,152.0,9.0,
2011-04-01,,4.0,5,6.0,0.0,3.0,3.0,1.0,72.0,0.0,2.0,29.0,33.0,3.0,191.0,11.0,
2011-05-01,,3.0,3,7.0,1.0,0.0,2.0,0.0,42.0,0.0,4.0,17.0,120.0,0.0,129.0,11.0,
2011-06-01,,10.0,8,7.0,1.0,2.0,0.0,1.0,88.0,0.0,2.0,28.0,41.0,1.0,124.0,19.0,
2011-07-01,,7.0,5,5.0,1.0,2.0,1.0,1.0,69.0,0.0,3.0,11.0,66.0,0.0,141.0,9.0,1.0
2011-08-01,,4.0,4,3.0,2.0,0.0,0.0,0.0,68.0,0.0,2.0,24.0,54.0,0.0,127.0,9.0,6.0
2011-09-01,,3.0,1,7.0,4.0,4.0,2.0,2.0,53.0,0.0,4.0,15.0,37.0,0.0,172.0,15.0,3.0
2011-10-01,,12.0,2,10.0,3.0,1.0,1.0,2.0,85.0,0.0,2.0,12.0,58.0,5.0,137.0,19.0,1.0
2011-11-01,,9.0,6,11.0,0.0,5.0,0.0,3.0,57.0,0.0,12.0,15.0,136.0,0.0,165.0,13.0,10.0
2011-12-01,,4.0,6,8.0,2.0,0.0,0.0,0.0,40.0,1.0,10.0,11.0,107.0,0.0,216.0,18.0,6.0
2012-01-01,,9.0,4,8.0,6.0,5.0,0.0,4.0,48.0,0.0,5.0,12.0,76.0,1.0,178.0,18.0,5.0
2012-02-01,,10.0,6,9.0,1.0,2.0,0.0,4.0,48.0,0.0,3.0,25.0,37.0,0.0,164.0,21.0,3.0
2012-03-01,1.0,15.0,4,24.0,2.0,2.0,2.0,9.0,86.0,0.0,3.0,29.0,49.0,0.0,212.0,17.0,7.0
2012-04-01,1.0,22.0,9,12.0,1.0,1.0,0.0,6.0,74.0,0.0,12.0,29.0,70.0,1.0,161.0,16.0,1.0
2012-05-01,4.0,12.0,5,8.0,0.0,20.0,2.0,6.0,55.0,0.0,8.0,26.0,76.0,0.0,264.0,34.0,0.0
2012-06-01,6.0,33.0,4,15.0,2.0,8.0,3.0,12.0,92.0,0.0,6.0,14.0,90.0,0.0,268.0,28.0,4.0
2012-07-01,8.0,131.0,14,13.0,5.0,8.0,3.0,30.0,103.0,0.0,139.0,51.0,1309.0,2.0,402.0,89.0,6.0
2012-08-01,16.0,42.0,8,15.0,3.0,5.0,1.0,5.0,102.0,0.0,78.0,56.0,174.0,1.0,408.0,32.0,13.0
2012-09-01,16.0,36.0,3,6.0,2.0,1.0,3.0,6.0,79.0,0.0,29.0,29.0,66.0,1.0,337.0,72.0,3.0
2012-10-01,9.0,72.0,8,13.0,2.0,1.0,3.0,15.0,59.0,0.0,10.0,21.0,89.0,0.0,316.0,16.0,7.0
2012-11-01,19.0,26.0,7,11.0,5.0,31.0,1.0,13.0,131.0,0.0,11.0,31.0,102.0,1.0,321.0,30.0,8.0
2012-12-01,31.0,31.0,10,8.0,1.0,3.0,2.0,6.0,167.0,0.0,153.0,82.0,1702.0,4.0,687.0,120.0,8.0
2013-01-01,20.0,37.0,11,4.0,1.0,1.0,2.0,4.0,145.0,2.0,227.0,57.0,2589.0,0.0,624.0,101.0,24.0
2013-02-01,30.0,104.0,12,11.0,0.0,3.0,3.0,7.0,63.0,0.0,73.0,61.0,689.0,2.0,429.0,75.0,6.0
2013-03-01,23.0,143.0,1,10.0,3.0,0.0,0.0,9.0,61.0,0.0,95.0,44.0,598.0,2.0,541.0,71.0,11.0
2013-04-01,19.0,43.0,13,9.0,0.0,2.0,2.0,10.0,57.0,1.0,131.0,79.0,783.0,1.0,388.0,63.0,33.0
2013-05-01,32.0,144.0,11,9.0,9.0,12.0,3.0,16.0,106.0,0.0,147.0,217.0,259.0,0.0,386.0,54.0,9.0
2013-06-01,15.0,83.0,9,4.0,1.0,3.0,1.0,14.0,172.0,0.0,84.0,36.0,150.0,1.0,390.0,58.0,10.0
2013-07-01,9.0,14.0,13,8.0,1.0,24.0,2.0,14.0,150.0,0.0,47.0,55.0,106.0,0.0,437.0,81.0,18.0
2013-08-01,40.0,38.0,4,10.0,4.0,11.0,1.0,16.0,96.0,1.0,77.0,42.0,129.0,0.0,359.0,46.0,26.0
2013-09-01,10.0,44.0,6,8.0,0.0,2.0,0.0,3.0,95.0,2.0,224.0,56.0,306.0,1.0,493.0,51.0,28.0
2013-10-01,7.0,33.0,11,4.0,0.0,7.0,1.0,5.0,75.0,0.0,121.0,50.0,129.0,0.0,435.0,74.0,26.0
2013-11-01,13.0,33.0,14,14.0,3.0,1.0,3.0,4.0,100.0,1.0,135.0,34.0,50.0,0.0,430.0,73.0,18.0
2013-12-01,14.0,38.0,8,8.0,8.0,2.0,1.0,19.0,54.0,1.0,107.0,101.0,111.0,3.0,386.0,76.0,87.0
2014-01-01,31.0,43.0,3,7.0,9.0,8.0,2.0,12.0,66.0,3.0,338.0,66.0,246.0,1.0,331.0,84.0,32.0
2014-02-01,16.0,39.0,15,10.0,1.0,5.0,1.0,8.0,68.0,0.0,155.0,44.0,118.0,1.0,356.0,65.0,17.0
2014-03-01,25.0,71.0,6,10.0,6.0,3.0,1.0,15.0,177.0,4.0,102.0,61.0,68.0,2.0,471.0,106.0,32.0
2014-04-01,18.0,28.0,8,11.0,5.0,5.0,1.0,11.0,80.0,2.0,137.0,66.0,126.0,0.0,374.0,60.0,38.0
2014-05-01,30.0,18.0,6,11.0,5.0,9.0,0.0,10.0,73.0,2.0,123.0,46.0,107.0,1.0,412.0,79.0,61.0
2014-06-01,18.0,17.0,3,6.0,9.0,9.0,1.0,7.0,60.0,2.0,311.0,84.0,265.0,1.0,490.0,77.0,50.0
2014-07-01,35.0,8.0,5,3.0,13.0,10.0,0.0,11.0,69.0,3.0,282.0,88.0,119.0,1.0,443.0,71.0,20.0
2014-08-01,15.0,22.0,2,6.0,6.0,8.0,0.0,35.0,65.0,7.0,345.0,111.0,256.0,2.0,451.0,148.0,39.0
2014-09-01,12.0,14.0,6,7.0,7.0,4.0,1.0,11.0,41.0,7.0,157.0,80.0,87.0,0.0,466.0,65.0,29.0
2014-10-01,36.0,99.0,8,5.0,2.0,3.0,0.0,23.0,23.0,2.0,134.0,122.0,152.0,2.0,365.0,70.0,134.0
2014-11-01,23.0,21.0,4,4.0,6.0,4.0,1.0,8.0,57.0,1.0,124.0,63.0,109.0,1.0,355.0,168.0,32.0
2014-12-01,38.0,26.0,7,8.0,9.0,1.0,1.0,13.0,44.0,9.0,197.0,85.0,98.0,0.0,509.0,48.0,37.0
2015-01-01,163.0,134.0,6,3.0,51.0,22.0,0.0,18.0,144.0,2.0,244.0,109.0,69.0,0.0,492.0,71.0,37.0
2015-02-01,108.0,25.0,3,7.0,6.0,3.0,1.0,15.0,67.0,3.0,153.0,75.0,83.0,1.0,363.0,56.0,33.0
2015-03-01,73.0,79.0,7,5.0,7.0,5.0,3.0,19.0,67.0,2.0,247.0,94.0,87.0,2.0,471.0,61.0,36.0
2015-04-01,70.0,36.0,1,5.0,7.0,7.0,1.0,14.0,43.0,4.0,275.0,51.0,79.0,6.0,564.0,111.0,47.0
2015-05-01,85.0,29.0,7,6.0,29.0,34.0,2.0,20.0,51.0,7.0,257.0,81.0,63.0,2.0,458.0,104.0,28.0
2015-06-01,119.0,23.0,7,5.0,12.0,1.0,1.0,10.0,155.0,23.0,281.0,69.0,175.0,8.0,451.0,85.0,51.0
2015-07-01,105.0,42.0,5,6.0,4.0,10.0,0.0,27.0,94.0,1.0,258.0,97.0,331.0,7.0,456.0,110.0,51.0
2015-08-01,36.0,17.0,2,8.0,5.0,7.0,1.0,20.0,69.0,28.0,432.0,114.0,229.0,0.0,478.0,54.0,55.0
2015-09-01,77.0,24.0,9,9.0,5.0,4.0,0.0,17.0,81.0,14.0,149.0,101.0,102.0,0.0,385.0,63.0,27.0
2015-10-01,93.0,28.0,8,7.0,38.0,5.0,1.0,10.0,60.0,36.0,434.0,90.0,557.0,1.0,530.0,72.0,48.0
2015-11-01,68.0,15.0,10,10.0,13.0,8.0,1.0,11.0,70.0,3.0,252.0,181.0,181.0,1.0,733.0,50.0,22.0
2015-12-01,78.0,62.0,8,6.0,33.0,4.0,1.0,28.0,59.0,3.0,1318.0,180.0,541.0,2.0,632.0,77.0,63.0
2016-01-01,123.0,34.0,6,5.0,81.0,6.0,1.0,20.0,67.0,12.0,401.0,112.0,416.0,1.0,579.0,101.0,151.0
2016-02-01,92.0,29.0,9,4.0,33.0,10.0,2.0,17.0,140.0,5.0,386.0,150.0,203.0,3.0,645.0,66.0,21.0
2016-03-01,109.0,60.0,26,5.0,58.0,9.0,2.0,22.0,187.0,4.0,302.0,76.0,329.0,0.0,522.0,60.0,99.0
2016-04-01,83.0,36.0,3,10.0,20.0,9.0,3.0,12.0,97.0,4.0,174.0,74.0,551.0,0.0,482.0,45.0,33.0
2016-05-01,104.0,23.0,7,3.0,16.0,182.0,2.0,29.0,69.0,4.0,144.0,90.0,174.0,0.0,790.0,94.0,16.0
2016-06-01,48.0,27.0,7,1.0,7.0,9.0,2.0,22.0,61.0,373.0,2510.0,440.0,2119.0,2.0,2341.0,255.0,597.0
2016-07-01,137.0,100.0,19,3.0,16.0,32.0,1.0,33.0,484.0,23.0,1191.0,229.0,721.0,4.0,1316.0,92.0,22.0
2016-08-01,162.0,68.0,9,5.0,19.0,11.0,1.0,34.0,281.0,29.0,290.0,123.0,401.0,1.0,992.0,69.0,16.0
2016-09-01,115.0,51.0,4,7.0,6.0,7.0,3.0,30.0,77.0,9.0,338.0,102.0,355.0,0.0,767.0,65.0,19.0
2016-10-01,54.0,55.0,6,3.0,37.0,2.0,1.0,21.0,70.0,5.0,430.0,91.0,485.0,1.0,1000.0,61.0,23.0
2016-11-01,46.0,29.0,22,2.0,80.0,2.0,0.0,15.0,117.0,11.0,237.0,111.0,462.0,2.0,598.0,62.0,25.0
2016-12-01,53.0,95.0,4,7.0,16.0,5.0,3.0,32.0,101.0,11.0,253.0,87.0,474.0,1.0,919.0,63.0,15.0
2017-01-01,47.0,59.0,12,7.0,12.0,8.0,2.0,19.0,82.0,16.0,246.0,133.0,391.0,3.0,714.0,40.0,24.0
2017-02-01,128.0,59.0,22,2.0,7.0,4.0,1.0,47.0,168.0,15.0,557.0,107.0,807.0,3.0,528.0,156.0,29.0
2017-03-01,37.0,58.0,8,10.0,8.0,11.0,3.0,23.0,135.0,30.0,473.0,93.0,241.0,0.0,696.0,86.0,23.0
2017-04-01,40.0,30.0,14,10.0,27.0,21.0,2.0,12.0,95.0,16.0,305.0,98.0,293.0,1.0,758.0,59.0,12.0
2017-05-01,57.0,47.0,6,2.0,13.0,5.0,1.0,34.0,92.0,7.0,299.0,168.0,328.0,4.0,675.0,89.0,34.0
2017-06-01,126.0,43.0,23,12.0,94.0,7.0,0.0,38.0,115.0,19.0,481.0,135.0,524.0,0.0,673.0,88.0,22.0
2017-07-01,33.0,57.0,5,9.0,104.0,23.0,3.0,47.0,92.0,16.0,264.0,103.0,213.0,1.0,731.0,78.0,13.0
2017-08-01,56.0,33.0,9,5.0,34.0,4.0,1.0,23.0,143.0,21.0,182.0,98.0,560.0,0.0,660.0,46.0,19.0
2017-09-01,53.0,45.0,9,7.0,124.0,98.0,1.0,16.0,69.0,19.0,172.0,106.0,225.0,0.0,526.0,98.0,14.0
2017-10-01,37.0,52.0,29,5.0,25.0,6.0,2.0,36.0,185.0,220.0,1401.0,569.0,1319.0,2.0,1635.0,87.0,17.0
2017-11-01,71.0,42.0,9,6.0,34.0,13.0,3.0,19.0,217.0,39.0,1259.0,188.0,1015.0,3.0,952.0,143.0,24.0
2017-12-01,51.0,57.0,25,5.0,119.0,6.0,5.0,31.0,330.0,10.0,453.0,112.0,433.0,2.0,707.0,84.0,15.0
2018-01-01,58.0,18.0,8,7.0,18.0,7.0,6.0,33.0,184.0,13.0,381.0,114.0,383.0,1.0,746.0,72.0,14.0
2018-02-01,53.0,96.0,54,5.0,46.0,3.0,5.0,80.0,226.0,196.0,6650.0,369.0,11044.0,0.0,2558.0,139.0,57.0
2018-03-01,52.0,157.0,60,6.0,24.0,17.0,2.0,26.0,329.0,62.0,3410.0,346.0,5068.0,6.0,2053.0,122.0,27.0
2018-04-01,59.0,73.0,17,4.0,9.0,10.0,2.0,31.0,184.0,18.0,2003.0,263.0,2757.0,1.0,1250.0,167.0,26.0
2018-05-01,28.0,59.0,12,5.0,12.0,5.0,2.0,25.0,186.0,24.0,1245.0,244.0,1745.0,7.0,1333.0,92.0,16.0
2018-06-01,38.0,69.0,44,5.0,11.0,7.0,1.0,25.0,273.0,13.0,722.0,263.0,753.0,1.0,954.0,70.0,15.0
2018-07-01,78.0,46.0,29,1.0,39.0,12.0,5.0,22.0,127.0,9.0,468.0,270.0,775.0,0.0,1133.0,117.0,15.0
2018-08-01,71.0,54.0,17,4.0,109.0,8.0,2.0,17.0,213.0,10.0,527.0,181.0,776.0,1.0,881.0,73.0,9.0
2018-09-01,50.0,57.0,13,5.0,40.0,7.0,1.0,26.0,112.0,10.0,211.0,111.0,829.0,0.0,736.0,75.0,16.0
2018-10-01,84.0,23.0,24,3.0,19.0,7.0,0.0,20.0,198.0,13.0,325.0,104.0,901.0,1.0,857.0,95.0,21.0
2018-11-01,28.0,30.0,14,4.0,48.0,9.0,13.0,36.0,117.0,9.0,669.0,135.0,1251.0,4.0,995.0,107.0,20.0
2018-12-01,23.0,27.0,9,8.0,37.0,7.0,1.0,27.0,165.0,15.0,351.0,101.0,535.0,0.0,729.0,83.0,31.0
2019-01-01,51.0,82.0,12,5.0,39.0,9.0,1.0,31.0,155.0,16.0,804.0,161.0,678.0,1.0,929.0,85.0,18.0
2019-02-01,119.0,63.0,14,7.0,96.0,6.0,3.0,20.0,245.0,11.0,369.0,145.0,855.0,1.0,920.0,81.0,18.0
2019-03-01,53.0,34.0,24,0.0,208.0,12.0,4.0,31.0,283.0,15.0,756.0,1409.0,1813.0,1.0,996.0,111.0,11.0
2019-04-01,25.0,28.0,23,3.0,18.0,3.0,1.0,30.0,108.0,6.0,501.0,241.0,736.0,0.0,1057.0,79.0,11.0
2019-05-01,136.0,23.0,12,6.0,38.0,17.0,1.0,37.0,131.0,13.0,321.0,198.0,583.0,1.0,935.0,94.0,54.0
2019-06-01,139.0,21.0,16,9.0,101.0,19.0,5.0,30.0,140.0,17.0,380.0,181.0,660.0,2.0,1108.0,47.0,11.0
2019-07-01,54.0,27.0,22,4.0,175.0,6.0,0.0,30.0,110.0,12.0,357.0,228.0,577.0,1.0,1164.0,69.0,11.0
2019-08-01,45.0,73.0,201,3.0,50.0,9.0,4.0,26.0,364.0,10.0,2266.0,431.0,2752.0,,1847.0,102.0,65.0
2019-09-01,51.0,58.0,113,3.0,191.0,,4.0,25.0,74.0,18.0,1695.0,392.0,3606.0,,1209.0,89.0,12.0
