,month,Futurology_algorithm,technology_algorithm,science_algorithm,askscience_algorithm,books_algorithm,scifi_algorithm,movies_algorithm,gaming_algorithm,news_algorithm,politics_algorithm,philosophy_algorithm,AskReddit_algorithm
0,2006-10-01,,,1,,,,,,,,,
1,2006-11-01,,,1,,,,,,,,,
2,2006-12-01,,,0,,,,,,,,,
3,2007-01-01,,,2,,,,,,,,,
4,2007-02-01,,,2,,,,,,,,,
5,2007-03-01,,,6,,,,,,,,,
6,2007-04-01,,,0,,,,,,,,,
7,2007-05-01,,,0,,,,,,,,,
8,2007-06-01,,,2,,,,,,,,,
9,2007-07-01,,,6,,,,,,,,,
10,2007-08-01,,,3,,,,,,,2.0,,
11,2007-09-01,,,4,,,,,,,0.0,,
12,2007-10-01,,,9,,,,,,,2.0,,
13,2007-11-01,,,6,,,,,,,7.0,,
14,2007-12-01,,,8,,,,,,,23.0,,
15,2008-01-01,,,16,,,,,,,19.0,,
16,2008-02-01,,,18,,,,,,,16.0,,
17,2008-03-01,,,10,,,,,2.0,,7.0,1.0,5.0
18,2008-04-01,,3.0,18,,,2.0,,5.0,,10.0,4.0,8.0
19,2008-05-01,,12.0,8,,,0.0,,2.0,,4.0,1.0,4.0
20,2008-06-01,,20.0,7,,1.0,0.0,,4.0,,3.0,1.0,18.0
21,2008-07-01,,22.0,11,,1.0,1.0,,4.0,,7.0,0.0,9.0
22,2008-08-01,,15.0,15,,0.0,1.0,2.0,6.0,2.0,6.0,1.0,8.0
23,2008-09-01,,11.0,8,,0.0,0.0,0.0,1.0,1.0,9.0,0.0,11.0
24,2008-10-01,,28.0,15,,0.0,0.0,0.0,0.0,0.0,16.0,0.0,13.0
25,2008-11-01,,7.0,18,,0.0,0.0,1.0,2.0,1.0,2.0,0.0,9.0
26,2008-12-01,,24.0,16,,1.0,0.0,0.0,3.0,0.0,3.0,1.0,20.0
27,2009-01-01,,23.0,21,,0.0,1.0,1.0,13.0,2.0,9.0,6.0,20.0
28,2009-02-01,,15.0,31,,0.0,0.0,0.0,6.0,1.0,6.0,5.0,20.0
29,2009-03-01,,45.0,19,,0.0,2.0,0.0,9.0,0.0,0.0,3.0,23.0
30,2009-04-01,,31.0,7,,0.0,0.0,2.0,8.0,1.0,7.0,5.0,38.0
31,2009-05-01,,34.0,14,,1.0,1.0,0.0,6.0,0.0,11.0,4.0,41.0
32,2009-06-01,,32.0,41,,1.0,2.0,1.0,16.0,0.0,3.0,5.0,49.0
33,2009-07-01,,36.0,19,,0.0,1.0,1.0,12.0,0.0,12.0,2.0,43.0
34,2009-08-01,,17.0,18,,0.0,4.0,0.0,20.0,1.0,11.0,2.0,47.0
35,2009-09-01,,29.0,17,,1.0,1.0,0.0,25.0,0.0,4.0,2.0,60.0
36,2009-10-01,,20.0,21,,1.0,0.0,1.0,20.0,0.0,6.0,4.0,67.0
37,2009-11-01,,19.0,22,,2.0,1.0,0.0,10.0,0.0,9.0,16.0,66.0
38,2009-12-01,,45.0,41,,0.0,0.0,2.0,25.0,0.0,12.0,11.0,52.0
39,2010-01-01,,43.0,35,,1.0,1.0,2.0,16.0,2.0,11.0,3.0,84.0
40,2010-02-01,,27.0,55,,3.0,2.0,1.0,19.0,1.0,14.0,10.0,75.0
41,2010-03-01,,66.0,38,,1.0,0.0,8.0,46.0,0.0,7.0,4.0,83.0
42,2010-04-01,,32.0,30,4.0,3.0,4.0,2.0,20.0,0.0,20.0,5.0,70.0
43,2010-05-01,,17.0,35,1.0,3.0,1.0,1.0,31.0,0.0,6.0,0.0,75.0
44,2010-06-01,,24.0,29,1.0,11.0,0.0,1.0,32.0,0.0,13.0,4.0,89.0
45,2010-07-01,,44.0,21,2.0,6.0,1.0,5.0,38.0,1.0,18.0,8.0,106.0
46,2010-08-01,,38.0,50,6.0,3.0,0.0,0.0,26.0,0.0,23.0,9.0,100.0
47,2010-09-01,,48.0,24,5.0,3.0,3.0,7.0,21.0,1.0,20.0,4.0,80.0
48,2010-10-01,,38.0,28,10.0,0.0,2.0,1.0,29.0,5.0,19.0,5.0,79.0
49,2010-11-01,,32.0,27,9.0,5.0,0.0,3.0,51.0,2.0,17.0,12.0,80.0
50,2010-12-01,,68.0,35,2.0,0.0,1.0,5.0,47.0,0.0,42.0,15.0,114.0
51,2011-01-01,,51.0,51,13.0,1.0,1.0,5.0,40.0,1.0,30.0,7.0,124.0
52,2011-02-01,,101.0,35,33.0,3.0,1.0,3.0,44.0,0.0,41.0,4.0,109.0
53,2011-03-01,,32.0,17,44.0,1.0,0.0,3.0,74.0,2.0,29.0,3.0,125.0
54,2011-04-01,,44.0,30,37.0,2.0,0.0,1.0,95.0,2.0,32.0,21.0,122.0
55,2011-05-01,,111.0,37,70.0,1.0,1.0,4.0,84.0,4.0,35.0,13.0,127.0
56,2011-06-01,,85.0,17,35.0,4.0,0.0,9.0,73.0,1.0,37.0,5.0,130.0
57,2011-07-01,,72.0,11,44.0,1.0,3.0,1.0,60.0,2.0,24.0,16.0,137.0
58,2011-08-01,,51.0,21,40.0,7.0,2.0,5.0,129.0,4.0,16.0,4.0,116.0
59,2011-09-01,,57.0,15,27.0,5.0,8.0,6.0,46.0,8.0,35.0,20.0,154.0
60,2011-10-01,,60.0,23,50.0,0.0,1.0,14.0,51.0,4.0,33.0,9.0,123.0
61,2011-11-01,,48.0,50,81.0,2.0,0.0,2.0,139.0,4.0,34.0,12.0,165.0
62,2011-12-01,,28.0,28,82.0,7.0,0.0,3.0,51.0,3.0,42.0,12.0,130.0
63,2012-01-01,,87.0,33,71.0,2.0,0.0,12.0,56.0,5.0,50.0,36.0,123.0
64,2012-02-01,,107.0,83,96.0,0.0,2.0,1.0,47.0,1.0,31.0,9.0,204.0
65,2012-03-01,,76.0,19,69.0,1.0,1.0,2.0,54.0,2.0,59.0,15.0,201.0
66,2012-04-01,2.0,79.0,59,65.0,2.0,0.0,4.0,59.0,5.0,54.0,31.0,191.0
67,2012-05-01,3.0,124.0,26,47.0,4.0,0.0,4.0,93.0,2.0,52.0,7.0,243.0
68,2012-06-01,5.0,115.0,68,79.0,3.0,0.0,9.0,53.0,2.0,43.0,15.0,187.0
69,2012-07-01,2.0,107.0,39,62.0,3.0,2.0,12.0,63.0,12.0,44.0,24.0,227.0
70,2012-08-01,36.0,153.0,77,71.0,9.0,0.0,8.0,61.0,12.0,58.0,9.0,318.0
71,2012-09-01,8.0,117.0,44,52.0,1.0,2.0,13.0,40.0,7.0,51.0,22.0,209.0
72,2012-10-01,14.0,144.0,25,60.0,3.0,0.0,8.0,78.0,0.0,67.0,17.0,172.0
73,2012-11-01,9.0,144.0,45,50.0,2.0,1.0,16.0,63.0,3.0,103.0,11.0,226.0
74,2012-12-01,18.0,192.0,44,33.0,10.0,0.0,10.0,40.0,11.0,64.0,13.0,263.0
75,2013-01-01,20.0,142.0,50,83.0,1.0,2.0,15.0,57.0,1.0,160.0,13.0,230.0
76,2013-02-01,12.0,145.0,42,56.0,7.0,2.0,3.0,57.0,3.0,33.0,36.0,236.0
77,2013-03-01,21.0,256.0,37,139.0,1.0,0.0,10.0,99.0,8.0,57.0,9.0,224.0
78,2013-04-01,20.0,213.0,22,94.0,4.0,3.0,11.0,71.0,55.0,50.0,7.0,268.0
79,2013-05-01,49.0,212.0,61,85.0,9.0,1.0,8.0,88.0,5.0,44.0,23.0,212.0
80,2013-06-01,45.0,304.0,50,55.0,1.0,1.0,13.0,142.0,37.0,100.0,13.0,247.0
81,2013-07-01,34.0,233.0,28,74.0,6.0,0.0,11.0,76.0,43.0,105.0,18.0,215.0
82,2013-08-01,49.0,261.0,45,35.0,6.0,1.0,23.0,83.0,52.0,43.0,15.0,378.0
83,2013-09-01,33.0,275.0,61,80.0,9.0,2.0,8.0,64.0,46.0,55.0,7.0,206.0
84,2013-10-01,25.0,204.0,14,56.0,16.0,1.0,7.0,51.0,23.0,58.0,27.0,307.0
85,2013-11-01,38.0,229.0,29,53.0,2.0,2.0,6.0,76.0,21.0,15.0,17.0,219.0
86,2013-12-01,39.0,368.0,55,52.0,7.0,3.0,15.0,33.0,42.0,45.0,58.0,227.0
87,2014-01-01,65.0,216.0,31,131.0,9.0,2.0,22.0,56.0,22.0,26.0,16.0,255.0
88,2014-02-01,28.0,128.0,47,97.0,9.0,2.0,15.0,46.0,19.0,33.0,19.0,169.0
89,2014-03-01,40.0,289.0,13,115.0,7.0,1.0,10.0,43.0,48.0,20.0,18.0,237.0
90,2014-04-01,37.0,186.0,29,44.0,7.0,2.0,67.0,58.0,41.0,34.0,19.0,359.0
91,2014-05-01,93.0,116.0,38,84.0,8.0,3.0,16.0,55.0,32.0,33.0,46.0,245.0
92,2014-06-01,48.0,104.0,59,67.0,13.0,0.0,22.0,57.0,37.0,77.0,46.0,277.0
93,2014-07-01,71.0,107.0,36,37.0,11.0,0.0,31.0,27.0,40.0,52.0,40.0,257.0
94,2014-08-01,87.0,101.0,63,87.0,5.0,2.0,29.0,77.0,33.0,15.0,69.0,275.0
95,2014-09-01,51.0,134.0,26,55.0,3.0,9.0,23.0,21.0,60.0,34.0,17.0,197.0
96,2014-10-01,80.0,140.0,32,65.0,10.0,7.0,26.0,24.0,59.0,30.0,14.0,313.0
97,2014-11-01,75.0,113.0,54,63.0,12.0,0.0,20.0,43.0,54.0,52.0,21.0,275.0
98,2014-12-01,127.0,129.0,33,105.0,21.0,2.0,21.0,29.0,73.0,18.0,14.0,260.0
99,2015-01-01,87.0,94.0,42,75.0,14.0,1.0,17.0,26.0,45.0,16.0,42.0,256.0
100,2015-02-01,126.0,123.0,52,46.0,16.0,1.0,18.0,25.0,28.0,33.0,23.0,198.0
101,2015-03-01,90.0,177.0,13,64.0,47.0,2.0,17.0,42.0,46.0,39.0,32.0,273.0
102,2015-04-01,111.0,100.0,33,85.0,14.0,2.0,33.0,40.0,32.0,28.0,15.0,252.0
103,2015-05-01,142.0,128.0,68,70.0,13.0,10.0,44.0,32.0,48.0,51.0,19.0,353.0
104,2015-06-01,175.0,166.0,46,40.0,20.0,2.0,22.0,54.0,50.0,28.0,42.0,288.0
105,2015-07-01,195.0,251.0,75,48.0,35.0,4.0,38.0,39.0,88.0,32.0,18.0,309.0
106,2015-08-01,132.0,106.0,50,76.0,10.0,5.0,14.0,34.0,51.0,34.0,17.0,340.0
107,2015-09-01,113.0,139.0,25,65.0,19.0,0.0,30.0,25.0,77.0,27.0,14.0,403.0
108,2015-10-01,179.0,389.0,64,40.0,11.0,5.0,64.0,68.0,145.0,73.0,62.0,513.0
109,2015-11-01,112.0,172.0,69,63.0,4.0,2.0,26.0,37.0,100.0,70.0,49.0,342.0
110,2015-12-01,176.0,199.0,53,52.0,9.0,6.0,26.0,51.0,116.0,109.0,34.0,342.0
111,2016-01-01,118.0,133.0,84,47.0,11.0,5.0,60.0,33.0,99.0,164.0,87.0,378.0
112,2016-02-01,133.0,230.0,25,26.0,12.0,1.0,95.0,38.0,111.0,141.0,15.0,289.0
113,2016-03-01,326.0,222.0,46,51.0,6.0,4.0,47.0,70.0,142.0,145.0,29.0,307.0
114,2016-04-01,106.0,157.0,76,55.0,20.0,5.0,52.0,56.0,74.0,158.0,24.0,326.0
115,2016-05-01,122.0,192.0,33,67.0,15.0,3.0,29.0,78.0,185.0,135.0,59.0,416.0
116,2016-06-01,188.0,285.0,33,40.0,15.0,20.0,45.0,55.0,97.0,388.0,101.0,447.0
117,2016-07-01,125.0,188.0,63,66.0,19.0,0.0,48.0,85.0,108.0,322.0,38.0,380.0
118,2016-08-01,92.0,148.0,131,38.0,12.0,0.0,51.0,317.0,84.0,242.0,35.0,408.0
119,2016-09-01,204.0,154.0,48,35.0,13.0,1.0,36.0,77.0,102.0,255.0,22.0,392.0
120,2016-10-01,188.0,253.0,24,186.0,8.0,1.0,22.0,67.0,82.0,279.0,28.0,300.0
121,2016-11-01,165.0,230.0,38,77.0,24.0,1.0,52.0,51.0,84.0,460.0,33.0,357.0
122,2016-12-01,119.0,197.0,58,76.0,17.0,0.0,34.0,86.0,235.0,266.0,37.0,602.0
123,2017-01-01,201.0,169.0,63,86.0,19.0,0.0,37.0,64.0,146.0,207.0,18.0,442.0
124,2017-02-01,105.0,176.0,25,18.0,13.0,1.0,37.0,31.0,86.0,247.0,29.0,440.0
125,2017-03-01,179.0,282.0,54,105.0,5.0,17.0,92.0,89.0,74.0,233.0,40.0,381.0
126,2017-04-01,131.0,120.0,76,96.0,2.0,0.0,56.0,61.0,137.0,228.0,40.0,397.0
127,2017-05-01,151.0,89.0,28,56.0,31.0,0.0,46.0,52.0,104.0,178.0,17.0,449.0
128,2017-06-01,202.0,206.0,46,60.0,4.0,0.0,39.0,65.0,62.0,225.0,22.0,422.0
129,2017-07-01,148.0,252.0,40,43.0,7.0,3.0,37.0,76.0,88.0,166.0,18.0,362.0
130,2017-08-01,89.0,152.0,35,44.0,31.0,1.0,55.0,51.0,93.0,209.0,13.0,444.0
131,2017-09-01,88.0,166.0,175,27.0,15.0,2.0,37.0,54.0,107.0,281.0,34.0,388.0
132,2017-10-01,127.0,122.0,52,82.0,13.0,6.0,43.0,102.0,190.0,213.0,49.0,450.0
133,2017-11-01,100.0,206.0,53,35.0,7.0,5.0,59.0,126.0,192.0,171.0,23.0,404.0
134,2017-12-01,168.0,113.0,40,83.0,4.0,6.0,66.0,64.0,133.0,159.0,19.0,538.0
135,2018-01-01,149.0,151.0,36,58.0,16.0,4.0,73.0,82.0,212.0,220.0,22.0,551.0
136,2018-02-01,197.0,247.0,62,28.0,10.0,2.0,65.0,62.0,194.0,280.0,30.0,439.0
137,2018-03-01,200.0,244.0,30,41.0,19.0,3.0,56.0,85.0,206.0,396.0,41.0,539.0
138,2018-04-01,90.0,178.0,26,29.0,6.0,0.0,75.0,76.0,131.0,236.0,13.0,477.0
139,2018-05-01,124.0,161.0,95,32.0,16.0,0.0,45.0,131.0,160.0,187.0,22.0,649.0
140,2018-06-01,84.0,134.0,43,28.0,4.0,1.0,39.0,90.0,100.0,201.0,13.0,459.0
141,2018-07-01,86.0,202.0,27,32.0,16.0,4.0,68.0,89.0,208.0,210.0,56.0,517.0
142,2018-08-01,71.0,260.0,19,40.0,11.0,7.0,67.0,77.0,120.0,585.0,8.0,550.0
143,2018-09-01,60.0,192.0,52,15.0,23.0,3.0,117.0,75.0,111.0,241.0,15.0,497.0
144,2018-10-01,83.0,159.0,39,31.0,3.0,5.0,49.0,54.0,147.0,213.0,36.0,421.0
145,2018-11-01,93.0,117.0,43,20.0,11.0,0.0,64.0,109.0,150.0,360.0,8.0,574.0
146,2018-12-01,77.0,204.0,44,23.0,6.0,3.0,73.0,85.0,208.0,393.0,35.0,684.0
147,2019-01-01,81.0,250.0,37,65.0,6.0,2.0,59.0,81.0,190.0,213.0,23.0,708.0
148,2019-02-01,109.0,321.0,72,28.0,5.0,2.0,46.0,68.0,334.0,294.0,11.0,680.0
149,2019-03-01,90.0,247.0,50,103.0,11.0,2.0,73.0,101.0,130.0,266.0,17.0,532.0
150,2019-04-01,143.0,319.0,68,108.0,9.0,3.0,42.0,70.0,110.0,512.0,23.0,776.0
151,2019-05-01,181.0,226.0,74,22.0,9.0,3.0,48.0,57.0,180.0,158.0,22.0,656.0
152,2019-06-01,212.0,189.0,64,20.0,16.0,3.0,32.0,81.0,211.0,248.0,19.0,727.0
153,2019-07-01,170.0,312.0,55,36.0,10.0,0.0,159.0,78.0,93.0,208.0,13.0,635.0
154,2019-08-01,70.0,358.0,26,48.0,12.0,5.0,63.0,57.0,168.0,311.0,18.0,717.0
155,2019-09-01,241.0,239.0,48,27.0,8.0,1.0,64.0,36.0,102.0,157.0,8.0,491.0
