,month,Futurology_algorithms,Futurology_artificialintelligence,Futurology_augmentedreality,Futurology_geneticengineering,Futurology_universalbasicincome,Futurology_quantumcomputing,Futurology_cryptocurrency,Futurology_facialrecognition,technology_algorithms,technology_artificialintelligence,technology_augmentedreality,technology_geneticengineering,technology_universalbasicincome,technology_quantumcomputing,technology_cryptocurrency,technology_facialrecognition,science_algorithms,science_artificialintelligence,science_augmentedreality,science_geneticengineering,science_universalbasicincome,science_quantumcomputing,science_cryptocurrency,science_facialrecognition,askscience_algorithms,askscience_artificialintelligence,askscience_augmentedreality,askscience_geneticengineering,askscience_universalbasicincome,askscience_quantumcomputing,askscience_cryptocurrency,askscience_facialrecognition,books_algorithms,books_artificialintelligence,books_augmentedreality,books_geneticengineering,books_universalbasicincome,books_quantumcomputing,books_cryptocurrency,books_facialrecognition,scifi_algorithms,scifi_artificialintelligence,scifi_augmentedreality,scifi_geneticengineering,scifi_universalbasicincome,scifi_quantumcomputing,scifi_cryptocurrency,scifi_facialrecognition,movies_algorithms,movies_artificialintelligence,movies_augmentedreality,movies_geneticengineering,movies_universalbasicincome,movies_quantumcomputing,movies_cryptocurrency,movies_facialrecognition,gaming_algorithms,gaming_artificialintelligence,gaming_augmentedreality,gaming_geneticengineering,gaming_universalbasicincome,gaming_quantumcomputing,gaming_cryptocurrency,gaming_facialrecognition,worldnews_algorithms,worldnews_artificialintelligence,worldnews_augmentedreality,worldnews_geneticengineering,worldnews_universalbasicincome,worldnews_quantumcomputing,worldnews_cryptocurrency,worldnews_facialrecognition,news_algorithms,news_artificialintelligence,news_augmentedreality,news_geneticengineering,news_universalbasicincome,news_quantumcomputing,news_cryptocurrency,news_facialrecognition,politics_algorithms,politics_artificialintelligence,politics_augmentedreality,politics_geneticengineering,politics_universalbasicincome,politics_quantumcomputing,politics_cryptocurrency,politics_facialrecognition,AskReddit_algorithms,AskReddit_artificialintelligence,AskReddit_augmentedreality,AskReddit_geneticengineering,AskReddit_universalbasicincome,AskReddit_quantumcomputing,AskReddit_cryptocurrency,AskReddit_facialrecognition
0,2006-11-01,,,,,,,,,,,,,,,,,,,,1,,,,,,,,,,,,,,,,,,,,,,,,,,,,,,,,,,,,,,,,,,,,,,,,,,,,,,,,,,,,,,,,,,,,,,,,,,,,
1,2006-12-01,,,,,,,,,,,,,,,,,,,,0,,,,,,,,,,,,,,,,,,,,,,,,,,,,,,,,,,,,,,,,,,,,,,,,,,,,,,,,,,,,,,,,,,,,,,,,,,,,
2,2007-01-01,,,,,,,,,,,,,,,,,,1.0,,0,,1.0,,,,,,,,,,,,,,,,,,,,,,,,,,,,,,,,,,,,,,,,,,,,,,,,,,,,,,,,,,,,,,,,,,,,,,,,,,
3,2007-02-01,,,,,,,,,,,,,,,,,2.0,0.0,,2,,1.0,,,,,,,,,,,,,,,,,,,,,,,,,,,,,,,,,,,,,,,,,,,,,,,,,,,,,,,,,,,,,,,,,,,,,,,,,,
4,2007-03-01,,,,,,,,,,,,,,,,,5.0,4.0,,2,,2.0,,,,,,,,,,,,,,,,,,,,,,,,,,,,,,,,,,,,,,,,,,,,,,,,,,,,,,,,,,,,,,,,,,,,,,,,,,
5,2007-04-01,,,,,,,,,,,,,,,,,0.0,1.0,,1,,0.0,,,,,,,,,,,,,,,,,,,,,,,,,,,,,,,,,,,,,,,,,,,,,,,,,,,,,,,,,,,,,,,,,,,,,,,,,,
6,2007-05-01,,,,,,,,,,,,,,,,,2.0,1.0,,3,,1.0,,,,,,,,,,,,,,,,,,,,,,,,,,,,,,,,,,,,,,,,,,,,,,,,,,,,,,,,,,,,,,,,,,,,,,,,,,
7,2007-06-01,,,,,,,,,,,,,,,,,1.0,0.0,,0,,2.0,,,,,,,,,,,,,,,,,,,,,,,,,,,,,,,,,,,,,,,,,,,,,,,,,,,,,,,,,,,,,,,,,,,,,,,,,,
8,2007-07-01,,,,,,,,,,,,,,,,,7.0,2.0,,2,,0.0,,5.0,,,,,,,,,,,,,,,,,,,,,,,,,,,,,,,,,,,,,,,,,,,,,,,,,,,,,,,,,,,,,,,,,,,,,,,,
9,2007-08-01,,,,,,,,,,,,,,,,,4.0,2.0,,1,,1.0,,1.0,,,,,,,,,,,,,,,,,,,,,,,,,,,,,,,,,,,,,,,,,,,,,,,,,,,,,,,,,1.0,,,,,,,,,,,,,,,
10,2007-09-01,,,,,,,,,,,,,,,,,3.0,1.0,1.0,1,,0.0,,0.0,,,,,,,,,,,,,,,,,,,,,,,,,,,,,,,,,1.0,,,,,,,,,,,,,,,,,,,,,,,,0.0,,,,,,,,,,,,,,,
11,2007-10-01,,,,,,,,,,,,,,,,,10.0,4.0,0.0,4,,0.0,,0.0,,,,,,,,,,,,,,,,,,,,,,,,,,,,,,,,,0.0,,,,,,,,,,,,,,,,,,,,,,,,3.0,1.0,,1.0,,,,,,,,,,,,
12,2007-11-01,,,,,,,,,,,,,,,,,2.0,3.0,0.0,4,,1.0,,0.0,,,,,,,,,,,,,,,,,,,,,,,,,,,,,,,,,0.0,,,,,,,,,,,,,,,,,,,,,,,,5.0,0.0,,3.0,1.0,,,,,,,,,,,
13,2007-12-01,,,,,,,,,,,,,,,,,4.0,2.0,0.0,5,,1.0,,0.0,,,,,,,,,,,,,,,,,,,,,,,,,,,,,,,,,0.0,,,,,,,,,,,,,,,,,,,,,,,,11.0,0.0,,8.0,3.0,,,,,,,,,,,
14,2008-01-01,,,,,,,,,,,,,,,,,12.0,1.0,1.0,10,,0.0,,1.0,,,,,,,,,,,,,,,,,,,,,,,,,,,,,,,,,0.0,,,,,,,,,,,,,,,,,,,,,,,,2.0,3.0,,3.0,3.0,,,1.0,,,,,,,,
15,2008-02-01,,,,,,,,,,1.0,,,,,,,19.0,3.0,0.0,4,,4.0,,0.0,,,,,,,,,,,,,,,,,,,,,,,,,,,,,,,,,1.0,,,,,,,,1.0,,,,,,,,,,,,,,,,4.0,2.0,,7.0,0.0,,,1.0,,,,,,,,
16,2008-03-01,,,,,,,,,1.0,0.0,,,,,,,3.0,2.0,0.0,18,,2.0,,0.0,,,,,,,,,,,,,,,,,,,,,,,,,,,,,,,,,3.0,1.0,1.0,,,,,,0.0,,,,,,,,,,,,,,,,1.0,1.0,,10.0,0.0,,,3.0,,1.0,,,,,,
17,2008-04-01,,,,,,,,,3.0,1.0,,,,3.0,,1.0,12.0,4.0,0.0,25,,9.0,,0.0,,,,,,,,,,,,,,,,,,,,,,,,,,,,,,,,,2.0,0.0,0.0,,,,,,1.0,,,,1.0,2.0,,1.0,,1.0,,,,,,,1.0,0.0,,2.0,1.0,,,0.0,1.0,0.0,,1.0,,8.0,,
18,2008-05-01,,,,,,,,,4.0,1.0,,,,1.0,,0.0,9.0,10.0,0.0,13,,1.0,,1.0,,,,,,,,,,,,,,,,,,1.0,,,,,,,,,,,,,,,2.0,2.0,0.0,,,,,,0.0,1.0,,4.0,0.0,0.0,,0.0,,0.0,,,1.0,,,,2.0,3.0,,1.0,0.0,,,0.0,2.0,0.0,,0.0,,0.0,,
19,2008-06-01,,,,,,,,,12.0,4.0,1.0,1.0,,1.0,,0.0,5.0,2.0,0.0,11,,1.0,,0.0,,,,,,,,,,,,,,,,,,1.0,,,,,,,,,,,,,,,2.0,1.0,0.0,1.0,,,,,7.0,2.0,,0.0,0.0,0.0,,2.0,,0.0,,,0.0,,,,3.0,0.0,,2.0,0.0,,,0.0,11.0,1.0,,0.0,,0.0,,2.0
20,2008-07-01,,,,,,,,,11.0,1.0,0.0,1.0,,6.0,,0.0,10.0,5.0,0.0,10,,0.0,,1.0,,,,,,,,,,,,,,,,,1.0,2.0,,1.0,,,,,,,,,,,,,1.0,2.0,0.0,0.0,,,,,2.0,1.0,,2.0,0.0,0.0,,0.0,,0.0,,,0.0,,,,1.0,0.0,,1.0,0.0,,,0.0,4.0,2.0,,3.0,,0.0,,0.0
21,2008-08-01,,,,,,,,,9.0,1.0,0.0,0.0,1.0,1.0,,0.0,13.0,7.0,0.0,2,,4.0,,1.0,,,,,,,,,,,,,,,,,1.0,0.0,,0.0,,,,,,,,,,,,,2.0,0.0,0.0,0.0,,,,,1.0,2.0,,1.0,0.0,0.0,,5.0,,0.0,,,0.0,,,,5.0,1.0,,1.0,0.0,1.0,,1.0,4.0,2.0,,0.0,,1.0,,0.0
22,2008-09-01,,,,,,,,,7.0,1.0,1.0,1.0,0.0,1.0,,1.0,3.0,3.0,0.0,4,,0.0,,0.0,,,,,,,,,,,,,,,,,0.0,2.0,,1.0,,1.0,,,,,,,,,,,1.0,1.0,0.0,0.0,,,,,0.0,0.0,,0.0,0.0,0.0,,0.0,,0.0,,,0.0,,,,3.0,1.0,,1.0,0.0,0.0,,1.0,7.0,3.0,,0.0,,0.0,,0.0
23,2008-10-01,,,,,,,,,16.0,1.0,0.0,0.0,0.0,3.0,2.0,0.0,14.0,4.0,0.0,23,,7.0,,0.0,,,,,,,,,,,,,,,,,0.0,0.0,,0.0,,0.0,,,,,,,,,,,1.0,1.0,0.0,0.0,,,,,0.0,1.0,,0.0,0.0,0.0,,3.0,,0.0,,,0.0,,,,7.0,1.0,,3.0,1.0,0.0,,0.0,7.0,5.0,,1.0,,0.0,,3.0
24,2008-11-01,,,,,,,,,12.0,1.0,3.0,0.0,0.0,4.0,0.0,0.0,4.0,4.0,0.0,13,,7.0,,0.0,,,,,,,,,,,,,,,,,0.0,0.0,,2.0,,1.0,,,,,,,,,,,1.0,1.0,0.0,0.0,,2.0,,,2.0,0.0,,5.0,0.0,0.0,,1.0,,0.0,,,0.0,,,,4.0,1.0,,2.0,0.0,0.0,,2.0,3.0,1.0,,0.0,,0.0,,0.0
25,2008-12-01,,,,,,,,,15.0,0.0,0.0,0.0,0.0,1.0,0.0,0.0,9.0,11.0,0.0,21,,1.0,,1.0,,,,,,,,,2.0,1.0,,,,,,,0.0,0.0,,0.0,,0.0,,,,,,,,,,,1.0,0.0,0.0,0.0,,0.0,,,3.0,3.0,,1.0,0.0,0.0,,0.0,,0.0,,,0.0,,,,3.0,1.0,,6.0,0.0,0.0,,0.0,10.0,4.0,,1.0,,1.0,,1.0
26,2009-01-01,,,,,,,,,19.0,2.0,0.0,0.0,0.0,1.0,0.0,0.0,24.0,4.0,0.0,11,,2.0,,0.0,,,,,,,,,1.0,0.0,,,,,,,2.0,1.0,,0.0,,0.0,,,,,,1.0,,,,,5.0,0.0,0.0,0.0,,0.0,,,1.0,1.0,,3.0,0.0,0.0,,0.0,,0.0,,,0.0,,,,5.0,0.0,,2.0,0.0,1.0,,0.0,12.0,2.0,,1.0,1.0,0.0,,0.0
27,2009-02-01,,,,,,,,,7.0,4.0,5.0,0.0,0.0,0.0,0.0,2.0,15.0,4.0,0.0,9,2.0,2.0,,0.0,,,,,,,,,0.0,0.0,,,,,,,0.0,0.0,,0.0,,1.0,,,,1.0,,0.0,,,,,4.0,2.0,0.0,1.0,,0.0,,,2.0,1.0,,1.0,0.0,0.0,,3.0,,0.0,,,0.0,,,,2.0,0.0,,3.0,0.0,0.0,,0.0,14.0,6.0,,1.0,0.0,2.0,,0.0
28,2009-03-01,,,,,,,,,26.0,7.0,3.0,2.0,0.0,0.0,0.0,4.0,13.0,2.0,2.0,17,0.0,1.0,,0.0,,,,,,,,,0.0,0.0,,,,,,,0.0,4.0,,2.0,,0.0,,,,1.0,,0.0,,,,,9.0,1.0,0.0,1.0,,0.0,,,0.0,1.0,,1.0,0.0,0.0,,0.0,,0.0,,,0.0,,,,1.0,2.0,1.0,11.0,0.0,0.0,,0.0,16.0,6.0,1.0,9.0,0.0,0.0,,1.0
29,2009-04-01,,,,,,,,,29.0,6.0,2.0,1.0,0.0,1.0,0.0,3.0,12.0,8.0,0.0,24,0.0,3.0,,0.0,,,,,,,,,0.0,0.0,,,,,,,0.0,0.0,1.0,0.0,,0.0,,,1.0,0.0,,0.0,,,,,5.0,0.0,0.0,0.0,,0.0,,1.0,2.0,0.0,,11.0,0.0,0.0,,1.0,,0.0,,1.0,0.0,,,,0.0,1.0,0.0,4.0,1.0,0.0,,0.0,9.0,2.0,2.0,5.0,0.0,1.0,,0.0
30,2009-05-01,,,,,,,,,12.0,4.0,0.0,1.0,0.0,1.0,0.0,1.0,17.0,3.0,0.0,5,0.0,0.0,,1.0,,,,,,,,,0.0,1.0,,,,,,,1.0,2.0,0.0,6.0,,1.0,,,0.0,2.0,,0.0,,,,,3.0,1.0,0.0,0.0,,0.0,,0.0,2.0,1.0,,0.0,0.0,0.0,,1.0,,0.0,,0.0,0.0,,,,3.0,5.0,0.0,0.0,0.0,1.0,,2.0,26.0,14.0,2.0,13.0,0.0,0.0,,2.0
31,2009-06-01,,,,,,,,,23.0,4.0,0.0,0.0,0.0,2.0,0.0,1.0,29.0,2.0,0.0,13,0.0,31.0,,3.0,,,,,,,,,0.0,1.0,,,,,,,1.0,1.0,0.0,2.0,,1.0,,,1.0,0.0,,1.0,,,,,11.0,4.0,14.0,0.0,,0.0,,16.0,2.0,0.0,,0.0,0.0,0.0,,1.0,,0.0,,0.0,0.0,,,,3.0,0.0,0.0,2.0,0.0,0.0,,1.0,19.0,7.0,6.0,3.0,0.0,8.0,,1.0
32,2009-07-01,,,,,,,,,20.0,3.0,14.0,0.0,0.0,1.0,0.0,9.0,9.0,10.0,0.0,19,0.0,4.0,,0.0,,,,,,,,,0.0,0.0,,,,,,,0.0,0.0,0.0,1.0,,0.0,,,0.0,0.0,,0.0,,,,,3.0,5.0,1.0,6.0,,1.0,,0.0,4.0,0.0,,3.0,0.0,0.0,,0.0,,0.0,,0.0,0.0,,,,3.0,0.0,0.0,0.0,8.0,0.0,,0.0,23.0,11.0,3.0,24.0,0.0,6.0,,1.0
33,2009-08-01,,,,,,,,,9.0,5.0,5.0,0.0,0.0,1.0,0.0,1.0,7.0,1.0,4.0,8,0.0,2.0,,1.0,,,,,,,,,1.0,0.0,,,,,,,1.0,3.0,0.0,2.0,,0.0,,,0.0,1.0,,0.0,,,,,6.0,0.0,1.0,0.0,,1.0,,0.0,2.0,2.0,,1.0,0.0,0.0,,2.0,,0.0,,0.0,0.0,,,,4.0,1.0,2.0,1.0,8.0,0.0,,0.0,25.0,12.0,4.0,9.0,1.0,4.0,,4.0
34,2009-09-01,,,,,,,,,11.0,3.0,7.0,1.0,0.0,6.0,0.0,2.0,10.0,12.0,2.0,21,0.0,9.0,,0.0,,,,,,,,,1.0,0.0,,,,,,,0.0,1.0,1.0,1.0,,1.0,,,0.0,2.0,,0.0,,,,,4.0,1.0,2.0,1.0,,0.0,,0.0,0.0,2.0,,4.0,0.0,0.0,,1.0,,0.0,,1.0,0.0,,,,6.0,8.0,0.0,4.0,2.0,1.0,,0.0,38.0,23.0,8.0,13.0,1.0,2.0,,4.0
35,2009-10-01,,,,,,,,,20.0,2.0,8.0,0.0,0.0,0.0,0.0,2.0,18.0,10.0,2.0,14,0.0,13.0,,0.0,,,,,,,,,0.0,0.0,,,,,,,0.0,3.0,1.0,5.0,,0.0,,,1.0,1.0,1.0,0.0,,,,,4.0,5.0,2.0,0.0,,0.0,,0.0,0.0,1.0,,7.0,1.0,1.0,,1.0,,0.0,,0.0,0.0,,,2.0,4.0,3.0,2.0,5.0,1.0,0.0,,1.0,43.0,13.0,5.0,18.0,1.0,3.0,,3.0
36,2009-11-01,,,,,,,,,15.0,5.0,7.0,5.0,0.0,4.0,0.0,1.0,19.0,11.0,3.0,7,0.0,7.0,,3.0,,,,,,,,,0.0,1.0,1.0,,,1.0,,,1.0,3.0,1.0,0.0,,0.0,,1.0,0.0,1.0,0.0,1.0,,,,,6.0,4.0,2.0,0.0,,1.0,,0.0,2.0,1.0,,3.0,0.0,0.0,,3.0,1.0,0.0,,0.0,0.0,,,0.0,6.0,1.0,0.0,1.0,0.0,0.0,,0.0,50.0,19.0,11.0,25.0,0.0,8.0,,4.0
37,2009-12-01,,,,,,,,,51.0,6.0,5.0,0.0,0.0,13.0,0.0,1.0,44.0,25.0,8.0,23,0.0,17.0,,2.0,,,,,,,,,0.0,1.0,0.0,1.0,,0.0,,,1.0,4.0,0.0,6.0,,0.0,,0.0,0.0,4.0,0.0,0.0,,,,1.0,16.0,2.0,9.0,1.0,,0.0,,0.0,3.0,5.0,,10.0,0.0,0.0,,1.0,0.0,0.0,,0.0,0.0,1.0,,0.0,6.0,7.0,0.0,10.0,2.0,3.0,,1.0,41.0,20.0,3.0,17.0,1.0,6.0,,4.0
38,2010-01-01,,,,,,,,,25.0,8.0,24.0,0.0,0.0,10.0,0.0,0.0,34.0,13.0,3.0,41,0.0,16.0,,4.0,,,,,,,,,0.0,1.0,0.0,0.0,,0.0,,,1.0,3.0,2.0,2.0,,0.0,,0.0,2.0,0.0,0.0,0.0,,,,0.0,14.0,6.0,11.0,0.0,,0.0,,1.0,2.0,0.0,,1.0,0.0,0.0,,0.0,0.0,0.0,,1.0,0.0,0.0,,0.0,6.0,6.0,0.0,5.0,4.0,0.0,,3.0,66.0,49.0,12.0,28.0,0.0,11.0,,4.0
39,2010-02-01,,,,,,,,,21.0,15.0,21.0,0.0,0.0,2.0,0.0,4.0,32.0,10.0,7.0,29,0.0,15.0,,3.0,,,,,,,,,0.0,1.0,0.0,1.0,,0.0,,,0.0,2.0,0.0,1.0,,0.0,,0.0,0.0,4.0,0.0,0.0,,,,0.0,10.0,6.0,3.0,2.0,,0.0,,2.0,2.0,1.0,,0.0,0.0,0.0,,1.0,0.0,0.0,,0.0,0.0,0.0,,0.0,5.0,3.0,0.0,1.0,5.0,1.0,,1.0,47.0,26.0,8.0,16.0,1.0,2.0,,5.0
40,2010-03-01,,,,,,,,,34.0,12.0,9.0,1.0,0.0,2.0,0.0,3.0,16.0,8.0,5.0,20,0.0,17.0,,3.0,,,,,,,,,0.0,0.0,0.0,0.0,,0.0,,,2.0,8.0,1.0,4.0,,0.0,,0.0,1.0,0.0,0.0,0.0,,,,2.0,24.0,7.0,11.0,1.0,,0.0,,1.0,7.0,0.0,,2.0,0.0,0.0,,4.0,0.0,0.0,,0.0,0.0,0.0,,1.0,4.0,1.0,2.0,6.0,5.0,2.0,,2.0,51.0,21.0,5.0,22.0,0.0,6.0,,17.0
41,2010-04-01,,,,,,,,,15.0,8.0,5.0,0.0,0.0,3.0,0.0,6.0,25.0,17.0,0.0,29,0.0,7.0,,0.0,4.0,2.0,,,,1.0,,,2.0,1.0,0.0,3.0,,0.0,,,0.0,1.0,2.0,4.0,,0.0,,0.0,0.0,3.0,0.0,0.0,,,,0.0,9.0,1.0,4.0,2.0,1.0,0.0,,0.0,0.0,1.0,,3.0,0.0,1.0,,2.0,0.0,0.0,,0.0,0.0,0.0,,0.0,4.0,3.0,0.0,7.0,2.0,2.0,,3.0,43.0,41.0,11.0,23.0,0.0,2.0,,5.0
42,2010-05-01,,,,,,,,,24.0,4.0,4.0,0.0,0.0,2.0,0.0,6.0,47.0,12.0,1.0,36,0.0,15.0,,0.0,0.0,0.0,,,,1.0,,,0.0,0.0,0.0,0.0,,0.0,,1.0,1.0,2.0,1.0,3.0,,0.0,,0.0,0.0,0.0,0.0,0.0,,,,0.0,23.0,12.0,2.0,0.0,0.0,1.0,,1.0,11.0,0.0,,1.0,0.0,0.0,,0.0,2.0,0.0,,0.0,0.0,0.0,,0.0,6.0,4.0,1.0,5.0,1.0,0.0,,2.0,42.0,19.0,6.0,10.0,0.0,9.0,,5.0
43,2010-06-01,,,,,,,,,16.0,26.0,7.0,1.0,0.0,3.0,0.0,0.0,28.0,24.0,0.0,30,0.0,9.0,,2.0,0.0,0.0,1.0,,,0.0,,,24.0,9.0,0.0,1.0,,0.0,,0.0,0.0,4.0,1.0,3.0,,2.0,,0.0,0.0,0.0,0.0,0.0,,,,0.0,18.0,2.0,32.0,1.0,0.0,1.0,,1.0,1.0,0.0,,12.0,1.0,0.0,,2.0,0.0,0.0,,1.0,0.0,0.0,,0.0,10.0,1.0,2.0,3.0,2.0,0.0,,1.0,72.0,20.0,8.0,23.0,0.0,3.0,,10.0
44,2010-07-01,,,,,,,,,17.0,6.0,7.0,0.0,0.0,2.0,0.0,3.0,18.0,8.0,3.0,12,0.0,4.0,,0.0,5.0,0.0,0.0,,,1.0,,1.0,2.0,0.0,0.0,0.0,,0.0,,0.0,1.0,2.0,0.0,2.0,,0.0,,0.0,1.0,0.0,0.0,0.0,,,,0.0,39.0,6.0,8.0,4.0,0.0,2.0,,2.0,4.0,0.0,,4.0,1.0,2.0,,3.0,1.0,1.0,,1.0,0.0,0.0,,0.0,5.0,4.0,0.0,1.0,0.0,2.0,,1.0,72.0,37.0,5.0,60.0,0.0,8.0,,12.0
45,2010-08-01,,,,,,,,,35.0,5.0,7.0,2.0,0.0,2.0,0.0,10.0,61.0,31.0,2.0,27,0.0,21.0,,2.0,4.0,3.0,0.0,,,2.0,,1.0,6.0,3.0,0.0,1.0,,0.0,,0.0,0.0,0.0,0.0,1.0,,0.0,,0.0,0.0,4.0,0.0,1.0,,,,1.0,17.0,5.0,7.0,5.0,0.0,0.0,,2.0,9.0,0.0,,11.0,0.0,2.0,,1.0,0.0,0.0,,0.0,0.0,0.0,,0.0,15.0,2.0,0.0,3.0,2.0,0.0,,0.0,65.0,32.0,11.0,12.0,0.0,4.0,,8.0
46,2010-09-01,,,,,,,,,26.0,0.0,3.0,1.0,0.0,10.0,0.0,2.0,6.0,6.0,1.0,21,0.0,3.0,,1.0,2.0,1.0,1.0,,,4.0,,0.0,2.0,2.0,0.0,0.0,,0.0,,0.0,0.0,14.0,2.0,2.0,,1.0,,0.0,2.0,5.0,1.0,0.0,,,,0.0,23.0,0.0,8.0,1.0,0.0,1.0,,1.0,1.0,0.0,,4.0,0.0,0.0,,6.0,0.0,0.0,,1.0,0.0,0.0,,1.0,16.0,4.0,2.0,9.0,2.0,0.0,,1.0,45.0,14.0,6.0,10.0,1.0,6.0,,7.0
47,2010-10-01,,,,,,,,,27.0,14.0,8.0,2.0,0.0,4.0,0.0,3.0,28.0,4.0,2.0,14,1.0,7.0,,1.0,14.0,1.0,0.0,5.0,,6.0,,0.0,2.0,0.0,0.0,0.0,,1.0,,0.0,1.0,9.0,0.0,1.0,,0.0,,0.0,0.0,3.0,0.0,0.0,,,,0.0,17.0,2.0,5.0,2.0,0.0,0.0,,4.0,3.0,1.0,,3.0,1.0,0.0,,1.0,5.0,1.0,,0.0,0.0,0.0,,0.0,8.0,4.0,0.0,3.0,3.0,0.0,,4.0,72.0,33.0,6.0,30.0,0.0,9.0,,10.0
48,2010-11-01,,,,,,,,,20.0,6.0,9.0,2.0,0.0,3.0,0.0,8.0,14.0,9.0,3.0,18,0.0,4.0,,1.0,8.0,2.0,1.0,1.0,,4.0,,1.0,0.0,2.0,1.0,1.0,,0.0,,0.0,0.0,4.0,0.0,4.0,,0.0,,0.0,0.0,3.0,0.0,0.0,,,,0.0,45.0,11.0,17.0,2.0,0.0,2.0,,25.0,5.0,1.0,,3.0,0.0,0.0,,2.0,3.0,0.0,,1.0,0.0,0.0,,0.0,10.0,4.0,1.0,6.0,2.0,1.0,,4.0,73.0,28.0,7.0,17.0,0.0,8.0,,9.0
49,2010-12-01,,,,,,,,,25.0,4.0,4.0,4.0,0.0,7.0,0.0,3.0,20.0,12.0,2.0,17,0.0,11.0,,1.0,2.0,3.0,0.0,2.0,,0.0,,0.0,1.0,2.0,0.0,0.0,,0.0,,0.0,2.0,4.0,3.0,3.0,,0.0,,0.0,4.0,5.0,0.0,0.0,,1.0,,0.0,29.0,8.0,3.0,7.0,0.0,0.0,,7.0,6.0,1.0,,2.0,0.0,1.0,,2.0,2.0,0.0,,1.0,0.0,0.0,,2.0,24.0,5.0,0.0,5.0,3.0,3.0,2.0,4.0,61.0,23.0,7.0,26.0,4.0,3.0,,8.0
50,2011-01-01,,,,,,,,,42.0,10.0,8.0,2.0,0.0,4.0,1.0,2.0,69.0,16.0,5.0,19,0.0,10.0,,0.0,22.0,10.0,2.0,12.0,,12.0,,2.0,2.0,2.0,0.0,6.0,,1.0,,0.0,2.0,6.0,0.0,2.0,,1.0,,0.0,3.0,2.0,0.0,1.0,,0.0,,0.0,26.0,6.0,12.0,1.0,0.0,0.0,,1.0,1.0,1.0,,12.0,1.0,0.0,1.0,0.0,0.0,0.0,,0.0,0.0,0.0,,0.0,13.0,3.0,0.0,8.0,0.0,0.0,0.0,0.0,100.0,29.0,18.0,19.0,0.0,8.0,,12.0
51,2011-02-01,,,,,,,,,100.0,29.0,7.0,1.0,0.0,7.0,0.0,3.0,41.0,32.0,2.0,14,0.0,30.0,,2.0,46.0,8.0,0.0,8.0,,14.0,,3.0,3.0,2.0,0.0,1.0,,0.0,,0.0,2.0,3.0,0.0,5.0,,0.0,,0.0,1.0,2.0,0.0,0.0,,0.0,,0.0,33.0,2.0,31.0,0.0,0.0,1.0,,1.0,3.0,2.0,,4.0,0.0,1.0,0.0,0.0,0.0,0.0,,0.0,0.0,0.0,,0.0,16.0,3.0,0.0,6.0,4.0,2.0,1.0,1.0,106.0,32.0,6.0,25.0,2.0,7.0,,8.0
52,2011-03-01,,,,,,,,,27.0,3.0,6.0,0.0,0.0,6.0,0.0,1.0,25.0,6.0,0.0,4,0.0,8.0,,2.0,51.0,27.0,0.0,13.0,,24.0,,4.0,0.0,0.0,0.0,0.0,,0.0,,0.0,1.0,2.0,0.0,3.0,,0.0,,0.0,0.0,2.0,1.0,0.0,,0.0,,0.0,37.0,12.0,38.0,4.0,0.0,1.0,,6.0,3.0,3.0,1.0,22.0,0.0,0.0,0.0,2.0,0.0,0.0,,0.0,0.0,0.0,,2.0,16.0,6.0,6.0,8.0,4.0,0.0,0.0,1.0,96.0,53.0,12.0,29.0,0.0,8.0,,9.0
53,2011-04-01,,,,,,,,,23.0,3.0,2.0,1.0,0.0,8.0,0.0,11.0,39.0,4.0,1.0,9,0.0,18.0,,0.0,30.0,15.0,3.0,6.0,,22.0,,1.0,0.0,0.0,0.0,0.0,,0.0,,0.0,1.0,2.0,0.0,2.0,,0.0,,0.0,3.0,3.0,0.0,0.0,,0.0,,0.0,30.0,11.0,29.0,1.0,0.0,2.0,,2.0,12.0,1.0,0.0,18.0,0.0,0.0,0.0,1.0,2.0,0.0,,0.0,0.0,0.0,,0.0,8.0,2.0,0.0,7.0,1.0,0.0,0.0,0.0,85.0,43.0,20.0,24.0,0.0,3.0,,10.0
54,2011-05-01,,,,,,,,,50.0,10.0,5.0,0.0,0.0,15.0,2.0,3.0,29.0,17.0,0.0,29,0.0,19.0,,1.0,60.0,11.0,0.0,24.0,,42.0,,6.0,1.0,3.0,1.0,3.0,,0.0,,0.0,0.0,1.0,1.0,3.0,,0.0,,0.0,0.0,7.0,1.0,1.0,,0.0,,0.0,31.0,9.0,16.0,3.0,0.0,2.0,,12.0,9.0,3.0,0.0,11.0,0.0,1.0,0.0,16.0,3.0,0.0,,0.0,0.0,0.0,,0.0,20.0,2.0,0.0,12.0,5.0,0.0,0.0,12.0,105.0,48.0,19.0,32.0,1.0,12.0,,17.0
55,2011-06-01,,,,,,,,,54.0,4.0,14.0,2.0,0.0,7.0,5.0,17.0,13.0,11.0,1.0,10,0.0,6.0,,1.0,52.0,14.0,0.0,18.0,,15.0,,1.0,2.0,1.0,2.0,1.0,,0.0,,0.0,1.0,2.0,1.0,0.0,,0.0,,0.0,0.0,4.0,0.0,0.0,,0.0,,0.0,48.0,10.0,29.0,2.0,0.0,0.0,,8.0,3.0,1.0,1.0,1.0,0.0,0.0,0.0,17.0,0.0,0.0,,1.0,0.0,0.0,,3.0,9.0,3.0,0.0,12.0,1.0,2.0,1.0,0.0,85.0,45.0,15.0,33.0,0.0,5.0,1.0,23.0
56,2011-07-01,,,,,,,,,59.0,2.0,2.0,1.0,0.0,3.0,0.0,14.0,18.0,9.0,9.0,5,0.0,7.0,,3.0,52.0,21.0,4.0,10.0,,31.0,,13.0,1.0,1.0,0.0,1.0,,0.0,,0.0,4.0,2.0,2.0,1.0,,3.0,,1.0,3.0,14.0,1.0,0.0,,0.0,,1.0,39.0,6.0,10.0,7.0,0.0,4.0,,4.0,10.0,3.0,0.0,21.0,0.0,0.0,0.0,2.0,0.0,0.0,,1.0,0.0,0.0,,2.0,12.0,6.0,0.0,10.0,3.0,1.0,0.0,4.0,94.0,45.0,22.0,26.0,3.0,9.0,0.0,20.0
57,2011-08-01,,,,,,,,,45.0,17.0,8.0,4.0,0.0,4.0,0.0,13.0,16.0,7.0,1.0,14,0.0,7.0,,3.0,41.0,15.0,0.0,27.0,,15.0,,4.0,2.0,1.0,0.0,2.0,,0.0,,0.0,1.0,4.0,0.0,4.0,,0.0,,1.0,0.0,5.0,1.0,1.0,,0.0,,1.0,57.0,2.0,17.0,3.0,0.0,6.0,1.0,0.0,16.0,2.0,0.0,17.0,0.0,2.0,0.0,33.0,0.0,1.0,,1.0,0.0,0.0,,0.0,21.0,7.0,0.0,9.0,5.0,0.0,0.0,1.0,90.0,40.0,12.0,37.0,1.0,9.0,0.0,40.0
58,2011-09-01,,,,,,,,,45.0,6.0,4.0,2.0,0.0,4.0,2.0,8.0,13.0,8.0,0.0,13,0.0,6.0,,2.0,32.0,16.0,0.0,9.0,,16.0,,3.0,0.0,2.0,0.0,1.0,,0.0,,0.0,2.0,3.0,0.0,6.0,,0.0,,0.0,2.0,2.0,0.0,0.0,,0.0,,0.0,33.0,9.0,24.0,8.0,0.0,1.0,0.0,4.0,4.0,3.0,1.0,2.0,0.0,2.0,0.0,1.0,5.0,2.0,1.0,3.0,0.0,0.0,,2.0,21.0,8.0,0.0,10.0,3.0,2.0,0.0,9.0,81.0,58.0,30.0,37.0,0.0,16.0,0.0,14.0
59,2011-10-01,,,,,,,,,54.0,15.0,14.0,0.0,0.0,3.0,1.0,11.0,26.0,4.0,1.0,2,0.0,2.0,,2.0,31.0,14.0,1.0,16.0,,28.0,,7.0,2.0,2.0,0.0,1.0,,0.0,,0.0,2.0,2.0,2.0,8.0,,0.0,1.0,1.0,4.0,2.0,0.0,0.0,,0.0,,0.0,28.0,7.0,21.0,2.0,0.0,2.0,0.0,1.0,8.0,2.0,0.0,3.0,0.0,0.0,0.0,3.0,3.0,1.0,0.0,0.0,0.0,0.0,,3.0,35.0,8.0,1.0,11.0,8.0,1.0,0.0,5.0,88.0,63.0,13.0,44.0,1.0,19.0,2.0,26.0
60,2011-11-01,,,,,,,,,63.0,8.0,6.0,1.0,0.0,2.0,1.0,14.0,40.0,14.0,5.0,26,0.0,4.0,,1.0,69.0,38.0,1.0,20.0,,33.0,,4.0,0.0,1.0,0.0,0.0,,0.0,,0.0,2.0,7.0,0.0,1.0,,0.0,0.0,0.0,0.0,7.0,0.0,0.0,,0.0,,0.0,45.0,4.0,18.0,4.0,0.0,3.0,0.0,5.0,9.0,1.0,2.0,3.0,0.0,0.0,0.0,6.0,3.0,0.0,0.0,0.0,0.0,2.0,,1.0,29.0,19.0,1.0,11.0,4.0,0.0,0.0,11.0,105.0,40.0,13.0,35.0,1.0,10.0,0.0,29.0
61,2011-12-01,,1.0,,,,,,,31.0,14.0,9.0,5.0,0.0,7.0,0.0,8.0,13.0,1.0,0.0,12,0.0,20.0,,4.0,66.0,23.0,0.0,16.0,,28.0,,3.0,1.0,2.0,0.0,1.0,,0.0,,0.0,1.0,7.0,0.0,3.0,,1.0,0.0,0.0,1.0,7.0,0.0,0.0,,0.0,,0.0,27.0,8.0,5.0,1.0,0.0,0.0,0.0,1.0,11.0,0.0,0.0,19.0,0.0,2.0,0.0,5.0,5.0,2.0,0.0,0.0,0.0,0.0,,0.0,13.0,9.0,0.0,8.0,13.0,2.0,2.0,5.0,87.0,35.0,16.0,50.0,0.0,10.0,0.0,9.0
62,2012-01-01,,0.0,,,,,,,50.0,15.0,10.0,1.0,1.0,8.0,0.0,5.0,36.0,29.0,1.0,14,0.0,18.0,,2.0,78.0,11.0,1.0,19.0,,94.0,,1.0,3.0,1.0,0.0,3.0,,0.0,,0.0,1.0,6.0,0.0,4.0,,0.0,0.0,0.0,6.0,6.0,0.0,2.0,,0.0,,0.0,46.0,5.0,11.0,3.0,0.0,1.0,0.0,2.0,16.0,1.0,0.0,10.0,0.0,1.0,0.0,6.0,7.0,4.0,0.0,1.0,0.0,2.0,,1.0,40.0,9.0,2.0,15.0,1.0,1.0,1.0,9.0,82.0,48.0,12.0,32.0,0.0,8.0,1.0,15.0
63,2012-02-01,,1.0,,,,,,,94.0,4.0,13.0,1.0,1.0,17.0,2.0,11.0,77.0,13.0,2.0,5,0.0,96.0,,1.0,67.0,16.0,1.0,12.0,,62.0,,8.0,0.0,1.0,0.0,0.0,,0.0,,0.0,5.0,5.0,0.0,5.0,,0.0,0.0,0.0,0.0,5.0,0.0,2.0,,0.0,,0.0,25.0,10.0,20.0,4.0,0.0,1.0,0.0,4.0,7.0,4.0,1.0,20.0,0.0,5.0,0.0,13.0,2.0,0.0,1.0,1.0,0.0,0.0,,0.0,17.0,9.0,0.0,2.0,2.0,6.0,0.0,2.0,111.0,50.0,16.0,58.0,0.0,10.0,0.0,26.0
64,2012-03-01,,3.0,,,,1.0,,,53.0,5.0,2.0,1.0,0.0,8.0,6.0,3.0,13.0,3.0,2.0,20,0.0,11.0,,0.0,59.0,41.0,9.0,38.0,,16.0,,4.0,1.0,2.0,1.0,0.0,,0.0,,0.0,1.0,2.0,0.0,3.0,,0.0,0.0,0.0,7.0,9.0,0.0,0.0,,0.0,,0.0,56.0,20.0,14.0,4.0,0.0,10.0,0.0,1.0,16.0,5.0,0.0,34.0,0.0,1.0,2.0,9.0,3.0,0.0,0.0,2.0,0.0,0.0,1.0,3.0,29.0,9.0,2.0,17.0,4.0,2.0,1.0,6.0,104.0,50.0,20.0,51.0,1.0,21.0,0.0,12.0
65,2012-04-01,,6.0,4.0,1.0,,0.0,,,86.0,24.0,28.0,1.0,3.0,63.0,1.0,22.0,48.0,15.0,1.0,19,0.0,34.0,,3.0,61.0,16.0,0.0,26.0,,20.0,,4.0,2.0,2.0,0.0,0.0,,0.0,,0.0,0.0,2.0,3.0,10.0,,0.0,0.0,0.0,1.0,14.0,0.0,0.0,,0.0,,1.0,44.0,10.0,10.0,2.0,0.0,2.0,0.0,4.0,11.0,3.0,1.0,17.0,0.0,2.0,0.0,1.0,3.0,0.0,0.0,7.0,0.0,0.0,0.0,0.0,37.0,4.0,0.0,64.0,6.0,11.0,0.0,5.0,113.0,52.0,22.0,55.0,0.0,18.0,0.0,18.0
66,2012-05-01,2.0,4.0,2.0,0.0,,2.0,,,89.0,5.0,18.0,3.0,0.0,16.0,0.0,11.0,23.0,9.0,1.0,23,0.0,13.0,,3.0,47.0,13.0,0.0,35.0,,16.0,,6.0,1.0,3.0,0.0,1.0,,0.0,,0.0,1.0,6.0,0.0,2.0,,1.0,0.0,0.0,7.0,10.0,3.0,5.0,,0.0,,0.0,73.0,9.0,5.0,2.0,0.0,4.0,0.0,3.0,21.0,6.0,0.0,15.0,4.0,8.0,0.0,3.0,3.0,5.0,0.0,1.0,1.0,1.0,0.0,0.0,32.0,6.0,2.0,27.0,2.0,1.0,1.0,7.0,156.0,96.0,23.0,50.0,1.0,19.0,0.0,29.0
67,2012-06-01,4.0,11.0,7.0,3.0,,3.0,,,78.0,13.0,14.0,2.0,0.0,4.0,0.0,17.0,46.0,13.0,0.0,9,0.0,8.0,,1.0,66.0,3.0,1.0,11.0,,17.0,,9.0,2.0,3.0,0.0,0.0,,0.0,,0.0,0.0,3.0,2.0,4.0,,2.0,0.0,0.0,3.0,33.0,0.0,14.0,,0.0,,2.0,32.0,12.0,32.0,1.0,0.0,5.0,0.0,13.0,8.0,2.0,0.0,9.0,0.0,0.0,0.0,2.0,1.0,0.0,1.0,2.0,0.0,0.0,0.0,1.0,60.0,9.0,0.0,33.0,4.0,2.0,0.0,3.0,124.0,96.0,17.0,61.0,8.0,53.0,1.0,40.0
68,2012-07-01,8.0,10.0,8.0,4.0,,8.0,,,84.0,12.0,28.0,2.0,0.0,4.0,0.0,31.0,38.0,6.0,12.0,24,0.0,11.0,,5.0,51.0,9.0,1.0,22.0,,16.0,,8.0,2.0,2.0,0.0,3.0,,0.0,,0.0,0.0,3.0,0.0,6.0,,2.0,0.0,0.0,3.0,12.0,2.0,3.0,,1.0,,1.0,33.0,4.0,25.0,1.0,0.0,1.0,0.0,3.0,22.0,6.0,0.0,2.0,1.0,1.0,0.0,5.0,7.0,0.0,1.0,0.0,0.0,0.0,0.0,2.0,32.0,10.0,1.0,7.0,6.0,1.0,0.0,22.0,130.0,89.0,54.0,76.0,5.0,24.0,0.0,38.0
69,2012-08-01,76.0,92.0,35.0,12.0,1.0,18.0,,5.0,131.0,12.0,12.0,31.0,2.0,18.0,0.0,174.0,81.0,10.0,2.0,22,2.0,40.0,,4.0,50.0,12.0,1.0,16.0,,26.0,,5.0,2.0,4.0,0.0,0.0,,0.0,,0.0,0.0,4.0,1.0,4.0,,1.0,0.0,0.0,5.0,16.0,1.0,0.0,,0.0,,1.0,41.0,10.0,20.0,3.0,0.0,2.0,0.0,4.0,11.0,9.0,4.0,4.0,1.0,5.0,0.0,16.0,16.0,8.0,0.0,4.0,0.0,0.0,0.0,10.0,42.0,15.0,0.0,13.0,5.0,7.0,0.0,19.0,182.0,93.0,28.0,61.0,0.0,33.0,1.0,34.0
70,2012-09-01,11.0,37.0,26.0,11.0,0.0,9.0,,3.0,89.0,11.0,29.0,4.0,0.0,16.0,0.0,60.0,37.0,8.0,1.0,25,1.0,31.0,,7.0,40.0,3.0,1.0,27.0,,18.0,,6.0,3.0,0.0,0.0,1.0,,0.0,,0.0,0.0,5.0,8.0,1.0,,0.0,0.0,0.0,3.0,14.0,6.0,2.0,,0.0,,1.0,22.0,10.0,15.0,2.0,0.0,4.0,0.0,4.0,6.0,5.0,1.0,25.0,1.0,1.0,0.0,17.0,1.0,2.0,0.0,12.0,0.0,0.0,0.0,6.0,37.0,5.0,2.0,20.0,11.0,0.0,2.0,9.0,153.0,87.0,66.0,53.0,2.0,30.0,1.0,41.0
71,2012-10-01,25.0,30.0,24.0,20.0,0.0,36.0,,2.0,131.0,23.0,14.0,4.0,0.0,14.0,0.0,23.0,16.0,10.0,2.0,47,0.0,40.0,,3.0,67.0,10.0,0.0,12.0,,17.0,,2.0,1.0,2.0,0.0,1.0,,0.0,,0.0,2.0,4.0,1.0,3.0,,0.0,0.0,1.0,8.0,13.0,1.0,10.0,,1.0,,2.0,50.0,13.0,12.0,5.0,0.0,2.0,0.0,8.0,7.0,3.0,0.0,9.0,0.0,2.0,0.0,1.0,1.0,0.0,0.0,5.0,0.0,6.0,0.0,1.0,39.0,5.0,0.0,11.0,2.0,2.0,0.0,6.0,101.0,74.0,33.0,43.0,2.0,17.0,0.0,32.0
72,2012-11-01,20.0,21.0,22.0,11.0,1.0,15.0,,2.0,100.0,31.0,25.0,4.0,0.0,13.0,0.0,16.0,35.0,24.0,2.0,30,0.0,15.0,,3.0,39.0,4.0,0.0,6.0,,20.0,,6.0,0.0,6.0,0.0,1.0,,0.0,,0.0,2.0,11.0,1.0,6.0,,0.0,0.0,1.0,6.0,18.0,0.0,13.0,,0.0,,6.0,33.0,15.0,17.0,8.0,0.0,3.0,0.0,7.0,15.0,5.0,0.0,6.0,0.0,2.0,2.0,10.0,2.0,1.0,0.0,14.0,0.0,2.0,0.0,2.0,46.0,7.0,3.0,34.0,5.0,2.0,0.0,2.0,133.0,78.0,56.0,69.0,2.0,45.0,0.0,20.0
73,2012-12-01,26.0,52.0,26.0,14.0,1.0,16.0,,4.0,151.0,31.0,7.0,4.0,0.0,31.0,0.0,19.0,40.0,20.0,4.0,46,0.0,32.0,,2.0,39.0,7.0,0.0,4.0,,15.0,,2.0,5.0,0.0,1.0,0.0,,0.0,,0.0,2.0,0.0,3.0,2.0,,0.0,0.0,0.0,13.0,9.0,1.0,4.0,,0.0,,0.0,29.0,13.0,20.0,1.0,0.0,2.0,0.0,1.0,11.0,3.0,1.0,10.0,0.0,1.0,0.0,5.0,6.0,1.0,0.0,1.0,0.0,0.0,0.0,2.0,54.0,4.0,1.0,17.0,3.0,5.0,0.0,9.0,163.0,105.0,53.0,109.0,4.0,70.0,1.0,58.0
74,2013-01-01,33.0,49.0,22.0,17.0,1.0,25.0,,7.0,136.0,22.0,26.0,6.0,0.0,11.0,1.0,12.0,50.0,15.0,1.0,24,0.0,46.0,,4.0,77.0,6.0,0.0,9.0,,35.0,,6.0,3.0,1.0,0.0,2.0,,0.0,,0.0,1.0,2.0,0.0,8.0,,0.0,0.0,0.0,9.0,7.0,1.0,3.0,,0.0,,4.0,25.0,9.0,18.0,5.0,0.0,4.0,0.0,1.0,16.0,9.0,1.0,5.0,0.0,1.0,0.0,18.0,4.0,0.0,1.0,1.0,0.0,0.0,0.0,2.0,44.0,14.0,1.0,24.0,5.0,1.0,0.0,5.0,161.0,120.0,44.0,77.0,3.0,22.0,0.0,38.0
75,2013-02-01,20.0,29.0,37.0,7.0,1.0,12.0,,8.0,138.0,26.0,110.0,5.0,1.0,22.0,0.0,123.0,36.0,9.0,4.0,13,0.0,20.0,1.0,9.0,64.0,9.0,1.0,6.0,1.0,23.0,,0.0,1.0,1.0,0.0,1.0,,0.0,,0.0,2.0,5.0,0.0,4.0,,0.0,0.0,8.0,7.0,9.0,1.0,2.0,,0.0,,1.0,32.0,8.0,8.0,0.0,1.0,2.0,0.0,4.0,18.0,2.0,2.0,27.0,0.0,2.0,0.0,4.0,3.0,0.0,0.0,17.0,0.0,0.0,0.0,0.0,37.0,13.0,3.0,15.0,6.0,11.0,1.0,20.0,189.0,129.0,79.0,61.0,2.0,71.0,0.0,57.0
76,2013-03-01,16.0,40.0,23.0,7.0,3.0,28.0,2.0,6.0,166.0,11.0,18.0,5.0,1.0,26.0,11.0,46.0,20.0,6.0,4.0,32,0.0,17.0,1.0,2.0,71.0,4.0,0.0,5.0,0.0,33.0,2.0,7.0,2.0,3.0,0.0,1.0,,1.0,,0.0,3.0,7.0,1.0,8.0,,0.0,0.0,0.0,4.0,12.0,1.0,7.0,,0.0,,2.0,70.0,13.0,4.0,6.0,0.0,4.0,0.0,1.0,10.0,9.0,1.0,46.0,0.0,3.0,3.0,5.0,2.0,1.0,3.0,5.0,0.0,0.0,8.0,2.0,54.0,6.0,3.0,73.0,7.0,0.0,3.0,10.0,202.0,101.0,44.0,96.0,1.0,19.0,0.0,22.0
77,2013-04-01,31.0,32.0,58.0,14.0,4.0,22.0,1.0,4.0,132.0,14.0,43.0,4.0,2.0,50.0,13.0,96.0,26.0,9.0,0.0,18,0.0,9.0,0.0,0.0,78.0,8.0,0.0,20.0,0.0,18.0,0.0,2.0,3.0,2.0,1.0,3.0,,0.0,,0.0,0.0,4.0,2.0,2.0,,0.0,0.0,0.0,2.0,22.0,0.0,6.0,,0.0,,2.0,37.0,8.0,11.0,4.0,0.0,1.0,0.0,5.0,33.0,21.0,1.0,39.0,1.0,13.0,3.0,53.0,18.0,1.0,0.0,19.0,0.0,0.0,0.0,19.0,39.0,8.0,0.0,34.0,2.0,2.0,0.0,17.0,210.0,87.0,20.0,74.0,2.0,33.0,8.0,38.0
78,2013-05-01,60.0,61.0,54.0,6.0,26.0,40.0,1.0,10.0,176.0,27.0,29.0,12.0,1.0,41.0,5.0,85.0,30.0,6.0,3.0,23,0.0,79.0,0.0,4.0,74.0,3.0,0.0,11.0,0.0,30.0,0.0,2.0,2.0,0.0,0.0,2.0,,0.0,,0.0,1.0,6.0,4.0,4.0,,1.0,0.0,0.0,6.0,19.0,0.0,13.0,,0.0,,0.0,56.0,16.0,17.0,3.0,0.0,5.0,2.0,62.0,18.0,12.0,1.0,158.0,2.0,6.0,0.0,9.0,11.0,5.0,1.0,14.0,1.0,0.0,0.0,7.0,42.0,10.0,2.0,71.0,24.0,4.0,0.0,6.0,171.0,83.0,42.0,106.0,1.0,67.0,7.0,33.0
79,2013-06-01,50.0,42.0,12.0,14.0,24.0,25.0,0.0,3.0,271.0,14.0,27.0,4.0,7.0,85.0,8.0,193.0,34.0,11.0,1.0,64,1.0,25.0,0.0,2.0,37.0,8.0,0.0,7.0,0.0,21.0,2.0,5.0,1.0,4.0,0.0,2.0,,0.0,,0.0,3.0,8.0,1.0,5.0,,0.0,0.0,0.0,7.0,11.0,1.0,6.0,,6.0,,5.0,99.0,20.0,55.0,1.0,0.0,7.0,0.0,122.0,95.0,10.0,0.0,24.0,1.0,18.0,8.0,50.0,24.0,3.0,0.0,42.0,0.0,6.0,0.0,13.0,141.0,11.0,1.0,12.0,11.0,12.0,1.0,37.0,207.0,81.0,31.0,57.0,4.0,38.0,5.0,69.0
80,2013-07-01,48.0,40.0,19.0,12.0,15.0,21.0,0.0,4.0,197.0,38.0,11.0,5.0,0.0,35.0,4.0,36.0,25.0,18.0,1.0,40,0.0,14.0,0.0,2.0,48.0,1.0,0.0,11.0,0.0,19.0,0.0,2.0,7.0,6.0,0.0,2.0,,0.0,,1.0,1.0,3.0,1.0,2.0,,0.0,0.0,1.0,6.0,23.0,0.0,9.0,,0.0,,1.0,33.0,31.0,27.0,4.0,0.0,9.0,0.0,10.0,51.0,7.0,2.0,19.0,0.0,14.0,1.0,17.0,50.0,4.0,0.0,4.0,1.0,2.0,0.0,9.0,88.0,10.0,0.0,28.0,11.0,6.0,4.0,14.0,212.0,159.0,32.0,57.0,2.0,51.0,8.0,48.0
81,2013-08-01,52.0,47.0,45.0,18.0,18.0,33.0,2.0,6.0,216.0,9.0,12.0,7.0,4.0,28.0,6.0,30.0,40.0,14.0,2.0,21,0.0,12.0,0.0,1.0,21.0,2.0,0.0,10.0,0.0,19.0,0.0,6.0,4.0,7.0,0.0,3.0,,0.0,1.0,2.0,0.0,4.0,0.0,12.0,,2.0,0.0,0.0,10.0,40.0,2.0,1.0,,0.0,,2.0,35.0,9.0,25.0,2.0,0.0,7.0,0.0,8.0,68.0,17.0,1.0,15.0,1.0,40.0,21.0,23.0,34.0,5.0,3.0,7.0,6.0,6.0,5.0,39.0,42.0,9.0,0.0,25.0,16.0,2.0,2.0,33.0,334.0,111.0,25.0,94.0,8.0,90.0,6.0,52.0
82,2013-09-01,42.0,33.0,12.0,14.0,21.0,25.0,4.0,3.0,200.0,17.0,11.0,2.0,2.0,40.0,3.0,36.0,52.0,18.0,3.0,11,0.0,21.0,0.0,2.0,34.0,4.0,0.0,4.0,0.0,12.0,0.0,3.0,3.0,5.0,0.0,0.0,,0.0,0.0,0.0,2.0,15.0,0.0,6.0,,2.0,0.0,0.0,4.0,11.0,3.0,2.0,,1.0,,4.0,24.0,8.0,28.0,3.0,0.0,2.0,0.0,16.0,47.0,7.0,1.0,30.0,0.0,5.0,2.0,11.0,48.0,2.0,1.0,8.0,5.0,5.0,1.0,5.0,40.0,7.0,1.0,10.0,9.0,1.0,2.0,16.0,192.0,113.0,16.0,64.0,2.0,23.0,2.0,41.0
83,2013-10-01,41.0,39.0,10.0,16.0,8.0,26.0,6.0,5.0,221.0,42.0,22.0,3.0,7.0,33.0,7.0,28.0,23.0,6.0,1.0,46,1.0,12.0,0.0,1.0,53.0,3.0,0.0,6.0,0.0,17.0,0.0,2.0,3.0,7.0,1.0,4.0,,0.0,0.0,1.0,3.0,8.0,1.0,7.0,,0.0,0.0,1.0,6.0,13.0,1.0,3.0,,0.0,1.0,1.0,43.0,13.0,13.0,2.0,0.0,2.0,0.0,5.0,52.0,14.0,0.0,41.0,32.0,10.0,14.0,7.0,19.0,6.0,2.0,49.0,8.0,0.0,0.0,23.0,31.0,9.0,0.0,1.0,21.0,1.0,0.0,2.0,183.0,163.0,38.0,110.0,8.0,45.0,2.0,41.0
84,2013-11-01,53.0,60.0,18.0,22.0,46.0,17.0,13.0,3.0,169.0,9.0,12.0,9.0,3.0,24.0,57.0,23.0,23.0,4.0,0.0,8,0.0,30.0,0.0,1.0,35.0,4.0,0.0,7.0,0.0,15.0,0.0,7.0,3.0,5.0,0.0,6.0,,0.0,0.0,0.0,0.0,1.0,1.0,3.0,,0.0,0.0,1.0,7.0,11.0,0.0,0.0,,0.0,0.0,0.0,46.0,10.0,27.0,3.0,0.0,1.0,2.0,28.0,77.0,9.0,2.0,14.0,2.0,8.0,18.0,10.0,19.0,3.0,1.0,24.0,14.0,0.0,5.0,11.0,33.0,7.0,0.0,9.0,43.0,0.0,0.0,5.0,219.0,125.0,32.0,87.0,3.0,46.0,15.0,45.0
85,2013-12-01,58.0,78.0,21.0,26.0,31.0,8.0,3.0,13.0,163.0,32.0,15.0,6.0,3.0,26.0,96.0,35.0,32.0,10.0,1.0,21,1.0,5.0,0.0,8.0,42.0,6.0,0.0,3.0,0.0,8.0,0.0,3.0,9.0,9.0,0.0,7.0,,1.0,0.0,0.0,1.0,7.0,0.0,7.0,,0.0,0.0,0.0,5.0,38.0,1.0,8.0,,0.0,0.0,1.0,24.0,5.0,5.0,2.0,0.0,1.0,9.0,17.0,88.0,12.0,2.0,5.0,11.0,5.0,35.0,15.0,31.0,4.0,1.0,9.0,9.0,1.0,8.0,3.0,42.0,4.0,0.0,6.0,61.0,1.0,5.0,0.0,195.0,150.0,34.0,127.0,23.0,43.0,76.0,67.0
86,2014-01-01,84.0,81.0,24.0,33.0,26.0,57.0,18.0,7.0,193.0,57.0,45.0,13.0,13.0,55.0,91.0,43.0,25.0,6.0,0.0,9,0.0,18.0,3.0,4.0,100.0,4.0,0.0,6.0,0.0,108.0,1.0,6.0,5.0,2.0,0.0,3.0,1.0,1.0,2.0,0.0,2.0,6.0,2.0,4.0,,1.0,0.0,0.0,11.0,42.0,5.0,3.0,,4.0,3.0,4.0,18.0,1.0,14.0,6.0,0.0,0.0,18.0,3.0,84.0,25.0,1.0,27.0,20.0,47.0,73.0,16.0,23.0,8.0,2.0,14.0,6.0,3.0,18.0,4.0,32.0,12.0,2.0,17.0,63.0,4.0,1.0,4.0,177.0,103.0,27.0,106.0,21.0,45.0,102.0,37.0
87,2014-02-01,49.0,33.0,24.0,8.0,18.0,24.0,17.0,4.0,132.0,26.0,31.0,5.0,2.0,10.0,35.0,31.0,23.0,8.0,9.0,23,0.0,3.0,1.0,2.0,64.0,6.0,0.0,5.0,0.0,14.0,1.0,2.0,7.0,1.0,0.0,1.0,1.0,0.0,1.0,0.0,2.0,8.0,1.0,5.0,,1.0,0.0,1.0,2.0,20.0,3.0,2.0,,1.0,2.0,2.0,21.0,12.0,9.0,0.0,1.0,4.0,17.0,6.0,58.0,9.0,0.0,14.0,6.0,4.0,78.0,22.0,14.0,2.0,1.0,2.0,4.0,0.0,9.0,7.0,23.0,2.0,0.0,9.0,36.0,2.0,19.0,4.0,135.0,129.0,28.0,91.0,16.0,45.0,126.0,38.0
88,2014-03-01,78.0,57.0,27.0,24.0,37.0,26.0,13.0,7.0,261.0,36.0,48.0,8.0,43.0,10.0,25.0,33.0,23.0,8.0,1.0,19,0.0,4.0,4.0,4.0,74.0,7.0,1.0,6.0,0.0,42.0,1.0,2.0,13.0,4.0,0.0,8.0,1.0,0.0,0.0,1.0,0.0,8.0,1.0,5.0,,0.0,0.0,0.0,3.0,14.0,1.0,11.0,,1.0,0.0,2.0,24.0,3.0,34.0,2.0,0.0,0.0,5.0,7.0,58.0,11.0,1.0,26.0,7.0,5.0,60.0,7.0,55.0,2.0,2.0,7.0,7.0,1.0,16.0,6.0,17.0,2.0,1.0,3.0,53.0,0.0,6.0,6.0,202.0,128.0,47.0,75.0,12.0,53.0,80.0,37.0
89,2014-04-01,47.0,53.0,24.0,23.0,41.0,25.0,4.0,9.0,144.0,12.0,34.0,3.0,3.0,32.0,18.0,41.0,27.0,12.0,2.0,16,1.0,13.0,1.0,6.0,47.0,4.0,0.0,20.0,0.0,18.0,2.0,3.0,4.0,7.0,2.0,6.0,0.0,0.0,0.0,0.0,1.0,10.0,1.0,6.0,1.0,0.0,0.0,0.0,8.0,33.0,0.0,2.0,,1.0,0.0,2.0,32.0,8.0,50.0,3.0,0.0,0.0,2.0,4.0,39.0,8.0,1.0,53.0,8.0,6.0,20.0,11.0,27.0,7.0,2.0,12.0,1.0,1.0,4.0,13.0,25.0,7.0,3.0,11.0,57.0,5.0,5.0,9.0,249.0,136.0,38.0,78.0,13.0,50.0,39.0,30.0
90,2014-05-01,118.0,90.0,27.0,24.0,28.0,28.0,8.0,8.0,82.0,13.0,8.0,2.0,9.0,3.0,7.0,13.0,39.0,13.0,1.0,25,1.0,73.0,1.0,5.0,53.0,1.0,0.0,8.0,0.0,18.0,0.0,4.0,3.0,6.0,0.0,2.0,0.0,0.0,0.0,0.0,2.0,6.0,1.0,3.0,0.0,4.0,1.0,0.0,5.0,19.0,2.0,10.0,,0.0,0.0,1.0,29.0,3.0,12.0,1.0,0.0,0.0,12.0,13.0,91.0,60.0,1.0,17.0,48.0,7.0,7.0,18.0,30.0,9.0,2.0,12.0,10.0,3.0,6.0,7.0,28.0,5.0,1.0,10.0,49.0,2.0,1.0,9.0,210.0,151.0,61.0,87.0,13.0,89.0,88.0,35.0
91,2014-06-01,64.0,94.0,25.0,20.0,34.0,29.0,39.0,12.0,76.0,53.0,8.0,0.0,9.0,11.0,10.0,28.0,59.0,10.0,0.0,20,4.0,131.0,0.0,1.0,47.0,1.0,0.0,9.0,0.0,10.0,0.0,0.0,5.0,8.0,2.0,7.0,0.0,0.0,0.0,0.0,0.0,13.0,1.0,6.0,0.0,2.0,0.0,0.0,11.0,21.0,3.0,6.0,,1.0,1.0,2.0,31.0,6.0,9.0,0.0,0.0,3.0,3.0,5.0,53.0,16.0,1.0,8.0,10.0,0.0,14.0,52.0,24.0,8.0,2.0,9.0,13.0,4.0,7.0,13.0,27.0,4.0,0.0,8.0,34.0,1.0,2.0,14.0,187.0,114.0,48.0,88.0,8.0,48.0,44.0,71.0
92,2014-07-01,106.0,102.0,30.0,56.0,80.0,36.0,32.0,15.0,102.0,17.0,4.0,2.0,7.0,4.0,10.0,16.0,26.0,4.0,0.0,26,0.0,4.0,0.0,1.0,27.0,1.0,0.0,5.0,1.0,6.0,0.0,4.0,5.0,12.0,0.0,5.0,0.0,0.0,0.0,0.0,1.0,12.0,3.0,4.0,0.0,0.0,0.0,0.0,14.0,30.0,1.0,10.0,,0.0,0.0,6.0,19.0,6.0,7.0,1.0,0.0,2.0,1.0,3.0,90.0,19.0,2.0,12.0,29.0,5.0,7.0,24.0,32.0,7.0,0.0,10.0,16.0,1.0,15.0,20.0,28.0,4.0,0.0,13.0,63.0,1.0,1.0,5.0,207.0,139.0,44.0,55.0,20.0,40.0,52.0,57.0
93,2014-08-01,118.0,124.0,16.0,49.0,67.0,32.0,9.0,12.0,75.0,19.0,2.0,2.0,9.0,6.0,5.0,14.0,41.0,21.0,3.0,36,0.0,19.0,2.0,1.0,87.0,4.0,1.0,5.0,0.0,28.0,1.0,1.0,8.0,10.0,0.0,4.0,0.0,0.0,1.0,0.0,2.0,13.0,1.0,5.0,2.0,1.0,0.0,1.0,13.0,27.0,0.0,9.0,,1.0,0.0,3.0,45.0,9.0,4.0,2.0,0.0,3.0,1.0,6.0,26.0,8.0,0.0,17.0,8.0,3.0,6.0,12.0,19.0,6.0,0.0,10.0,6.0,0.0,2.0,15.0,21.0,3.0,0.0,5.0,21.0,0.0,2.0,7.0,183.0,123.0,20.0,75.0,21.0,33.0,35.0,56.0
94,2014-09-01,66.0,68.0,15.0,29.0,41.0,43.0,4.0,2.0,100.0,5.0,7.0,1.0,1.0,16.0,23.0,12.0,32.0,24.0,0.0,37,1.0,13.0,0.0,6.0,36.0,5.0,0.0,4.0,0.0,11.0,0.0,2.0,6.0,11.0,0.0,1.0,0.0,0.0,0.0,0.0,3.0,5.0,0.0,5.0,0.0,0.0,0.0,0.0,3.0,25.0,2.0,8.0,,0.0,0.0,0.0,9.0,4.0,6.0,1.0,0.0,2.0,0.0,1.0,30.0,13.0,2.0,12.0,3.0,1.0,11.0,12.0,32.0,9.0,0.0,3.0,19.0,3.0,9.0,41.0,15.0,4.0,2.0,6.0,27.0,1.0,7.0,7.0,152.0,122.0,24.0,92.0,13.0,21.0,29.0,49.0
95,2014-10-01,97.0,90.0,17.0,19.0,26.0,39.0,6.0,11.0,129.0,18.0,5.0,0.0,0.0,22.0,26.0,9.0,31.0,6.0,0.0,22,3.0,6.0,0.0,3.0,39.0,1.0,0.0,5.0,0.0,8.0,0.0,2.0,6.0,4.0,1.0,9.0,0.0,0.0,0.0,2.0,1.0,8.0,0.0,4.0,0.0,0.0,0.0,0.0,8.0,37.0,1.0,4.0,,0.0,0.0,2.0,15.0,7.0,7.0,2.0,1.0,0.0,2.0,4.0,62.0,38.0,2.0,14.0,18.0,4.0,8.0,77.0,42.0,10.0,1.0,6.0,18.0,1.0,14.0,9.0,26.0,0.0,1.0,50.0,45.0,1.0,3.0,2.0,185.0,151.0,26.0,71.0,36.0,32.0,22.0,43.0
96,2014-11-01,96.0,140.0,16.0,49.0,16.0,19.0,4.0,7.0,84.0,40.0,18.0,3.0,6.0,13.0,3.0,8.0,46.0,10.0,0.0,22,1.0,52.0,0.0,6.0,53.0,4.0,0.0,8.0,0.0,23.0,0.0,3.0,13.0,6.0,1.0,5.0,0.0,0.0,0.0,1.0,1.0,5.0,0.0,4.0,0.0,1.0,0.0,0.0,12.0,40.0,1.0,40.0,,0.0,0.0,3.0,22.0,5.0,2.0,2.0,0.0,1.0,1.0,5.0,36.0,12.0,3.0,13.0,6.0,3.0,7.0,7.0,30.0,10.0,3.0,14.0,23.0,2.0,3.0,27.0,36.0,2.0,0.0,3.0,13.0,0.0,0.0,13.0,208.0,138.0,26.0,51.0,22.0,48.0,55.0,39.0
97,2014-12-01,185.0,161.0,29.0,48.0,64.0,90.0,12.0,11.0,94.0,172.0,9.0,4.0,22.0,24.0,16.0,24.0,36.0,11.0,0.0,15,0.0,9.0,0.0,2.0,84.0,17.0,0.0,6.0,1.0,28.0,0.0,4.0,16.0,7.0,0.0,6.0,0.0,0.0,1.0,0.0,1.0,12.0,1.0,3.0,0.0,0.0,0.0,0.0,21.0,26.0,1.0,5.0,,2.0,1.0,0.0,20.0,11.0,7.0,4.0,0.0,5.0,1.0,4.0,65.0,52.0,3.0,27.0,5.0,2.0,33.0,15.0,57.0,13.0,0.0,2.0,15.0,4.0,1.0,45.0,18.0,6.0,0.0,2.0,33.0,0.0,2.0,11.0,195.0,151.0,21.0,73.0,24.0,27.0,24.0,52.0
98,2015-01-01,138.0,168.0,79.0,54.0,69.0,34.0,28.0,13.0,92.0,21.0,111.0,9.0,3.0,13.0,12.0,16.0,30.0,9.0,3.0,25,1.0,7.0,0.0,1.0,54.0,4.0,0.0,4.0,0.0,23.0,0.0,3.0,16.0,13.0,3.0,1.0,0.0,0.0,0.0,0.0,0.0,4.0,0.0,0.0,0.0,2.0,0.0,0.0,5.0,29.0,8.0,7.0,,0.0,0.0,1.0,18.0,5.0,50.0,2.0,0.0,1.0,0.0,3.0,78.0,37.0,4.0,13.0,24.0,8.0,5.0,11.0,33.0,13.0,1.0,15.0,20.0,1.0,3.0,38.0,16.0,8.0,1.0,4.0,29.0,1.0,0.0,11.0,192.0,193.0,38.0,73.0,29.0,38.0,45.0,44.0
99,2015-02-01,147.0,224.0,43.0,43.0,33.0,70.0,8.0,12.0,115.0,36.0,8.0,1.0,5.0,8.0,5.0,19.0,35.0,18.0,3.0,22,5.0,5.0,0.0,5.0,36.0,1.0,0.0,3.0,0.0,10.0,0.0,5.0,7.0,6.0,0.0,2.0,0.0,0.0,0.0,1.0,1.0,5.0,1.0,1.0,0.0,3.0,0.0,0.0,10.0,28.0,3.0,6.0,1.0,1.0,0.0,0.0,24.0,6.0,17.0,1.0,0.0,3.0,2.0,3.0,47.0,28.0,5.0,13.0,11.0,0.0,7.0,23.0,25.0,10.0,1.0,10.0,4.0,3.0,15.0,12.0,12.0,7.0,0.0,7.0,23.0,0.0,2.0,14.0,159.0,220.0,45.0,61.0,21.0,92.0,21.0,30.0
100,2015-03-01,139.0,136.0,52.0,41.0,49.0,50.0,10.0,44.0,116.0,58.0,40.0,3.0,10.0,8.0,32.0,28.0,11.0,5.0,2.0,21,0.0,18.0,0.0,2.0,36.0,2.0,2.0,7.0,0.0,12.0,2.0,1.0,24.0,5.0,0.0,2.0,0.0,0.0,0.0,0.0,0.0,5.0,1.0,1.0,0.0,0.0,1.0,0.0,7.0,75.0,2.0,6.0,0.0,0.0,0.0,1.0,23.0,3.0,15.0,1.0,1.0,2.0,2.0,1.0,40.0,24.0,1.0,28.0,12.0,45.0,9.0,9.0,41.0,21.0,3.0,10.0,13.0,4.0,4.0,9.0,24.0,3.0,0.0,3.0,17.0,0.0,2.0,3.0,196.0,212.0,54.0,73.0,20.0,62.0,15.0,42.0
101,2015-04-01,117.0,109.0,49.0,27.0,35.0,57.0,20.0,15.0,76.0,12.0,17.0,2.0,0.0,6.0,8.0,12.0,25.0,5.0,2.0,16,0.0,1.0,0.0,2.0,59.0,14.0,2.0,5.0,0.0,10.0,0.0,2.0,10.0,5.0,2.0,3.0,0.0,0.0,0.0,0.0,2.0,14.0,1.0,3.0,0.0,1.0,0.0,0.0,6.0,52.0,1.0,14.0,0.0,0.0,1.0,4.0,16.0,11.0,3.0,1.0,0.0,0.0,4.0,2.0,53.0,36.0,0.0,81.0,10.0,8.0,10.0,5.0,31.0,12.0,1.0,20.0,13.0,3.0,4.0,15.0,20.0,1.0,0.0,1.0,53.0,0.0,3.0,13.0,195.0,213.0,104.0,72.0,34.0,26.0,22.0,40.0
102,2015-05-01,160.0,165.0,57.0,23.0,107.0,67.0,20.0,18.0,112.0,61.0,12.0,4.0,4.0,12.0,12.0,17.0,76.0,77.0,1.0,14,0.0,34.0,0.0,2.0,85.0,16.0,1.0,5.0,0.0,16.0,0.0,3.0,10.0,1.0,0.0,6.0,0.0,1.0,0.0,0.0,12.0,27.0,1.0,5.0,0.0,3.0,0.0,1.0,21.0,99.0,2.0,4.0,0.0,2.0,0.0,5.0,17.0,14.0,16.0,1.0,0.0,2.0,2.0,4.0,50.0,22.0,3.0,21.0,14.0,6.0,11.0,26.0,32.0,16.0,0.0,8.0,24.0,5.0,8.0,17.0,59.0,4.0,1.0,5.0,50.0,1.0,2.0,3.0,305.0,280.0,42.0,80.0,34.0,41.0,23.0,51.0
103,2015-06-01,182.0,138.0,57.0,153.0,86.0,32.0,10.0,27.0,132.0,41.0,2.0,142.0,4.0,23.0,8.0,48.0,45.0,10.0,2.0,33,0.0,6.0,0.0,1.0,36.0,7.0,0.0,3.0,0.0,4.0,0.0,2.0,3.0,1.0,1.0,3.0,0.0,1.0,0.0,0.0,2.0,8.0,1.0,7.0,0.0,0.0,0.0,0.0,8.0,31.0,1.0,21.0,0.0,0.0,0.0,1.0,29.0,8.0,47.0,2.0,0.0,0.0,0.0,4.0,60.0,27.0,1.0,26.0,28.0,33.0,7.0,34.0,36.0,11.0,2.0,6.0,20.0,1.0,9.0,12.0,27.0,7.0,0.0,5.0,56.0,0.0,1.0,1.0,158.0,230.0,39.0,77.0,16.0,41.0,24.0,33.0
104,2015-07-01,229.0,287.0,50.0,46.0,53.0,49.0,13.0,11.0,135.0,31.0,12.0,4.0,2.0,16.0,8.0,13.0,70.0,356.0,6.0,29,3.0,61.0,0.0,7.0,44.0,10.0,0.0,0.0,0.0,22.0,0.0,4.0,11.0,4.0,0.0,4.0,0.0,1.0,1.0,1.0,8.0,26.0,1.0,3.0,0.0,1.0,0.0,0.0,10.0,43.0,1.0,11.0,1.0,1.0,0.0,4.0,31.0,12.0,17.0,2.0,0.0,1.0,0.0,3.0,63.0,74.0,1.0,24.0,17.0,7.0,30.0,17.0,48.0,16.0,5.0,14.0,26.0,2.0,7.0,15.0,24.0,7.0,0.0,16.0,70.0,0.0,3.0,4.0,263.0,265.0,70.0,73.0,29.0,24.0,20.0,49.0
105,2015-08-01,158.0,167.0,27.0,31.0,45.0,49.0,14.0,20.0,91.0,8.0,11.0,2.0,7.0,15.0,7.0,16.0,32.0,13.0,0.0,25,0.0,16.0,0.0,11.0,62.0,7.0,0.0,9.0,1.0,18.0,1.0,0.0,2.0,9.0,0.0,0.0,1.0,2.0,0.0,0.0,1.0,6.0,0.0,4.0,0.0,0.0,0.0,0.0,8.0,26.0,2.0,3.0,0.0,0.0,1.0,3.0,19.0,5.0,14.0,1.0,0.0,5.0,2.0,0.0,59.0,27.0,3.0,32.0,22.0,13.0,15.0,9.0,40.0,7.0,1.0,7.0,19.0,1.0,5.0,12.0,26.0,5.0,0.0,14.0,49.0,1.0,2.0,2.0,297.0,214.0,51.0,95.0,48.0,30.0,26.0,49.0
106,2015-09-01,137.0,111.0,40.0,55.0,119.0,48.0,6.0,5.0,76.0,20.0,11.0,7.0,2.0,17.0,9.0,36.0,30.0,8.0,1.0,16,2.0,7.0,0.0,2.0,54.0,11.0,0.0,16.0,0.0,13.0,0.0,1.0,6.0,2.0,1.0,3.0,0.0,0.0,0.0,0.0,3.0,6.0,1.0,3.0,0.0,1.0,1.0,1.0,8.0,40.0,3.0,5.0,0.0,0.0,0.0,2.0,19.0,6.0,42.0,4.0,0.0,0.0,1.0,5.0,43.0,14.0,1.0,18.0,14.0,8.0,6.0,5.0,38.0,8.0,4.0,21.0,13.0,6.0,7.0,16.0,36.0,3.0,0.0,6.0,41.0,2.0,2.0,1.0,251.0,224.0,52.0,65.0,36.0,49.0,20.0,37.0
107,2015-10-01,156.0,163.0,43.0,44.0,44.0,81.0,9.0,3.0,146.0,21.0,6.0,1.0,6.0,15.0,3.0,18.0,51.0,34.0,4.0,31,4.0,25.0,0.0,10.0,54.0,8.0,1.0,4.0,0.0,11.0,0.0,2.0,5.0,6.0,0.0,3.0,0.0,0.0,0.0,0.0,7.0,10.0,1.0,8.0,0.0,3.0,1.0,0.0,11.0,22.0,6.0,6.0,0.0,0.0,0.0,1.0,32.0,10.0,10.0,2.0,0.0,1.0,1.0,1.0,41.0,14.0,2.0,36.0,14.0,10.0,4.0,7.0,82.0,12.0,3.0,7.0,12.0,11.0,4.0,32.0,51.0,7.0,0.0,8.0,60.0,2.0,1.0,0.0,291.0,193.0,63.0,55.0,25.0,38.0,16.0,31.0
108,2015-11-01,124.0,94.0,37.0,67.0,58.0,72.0,33.0,5.0,135.0,15.0,2.0,4.0,4.0,17.0,11.0,21.0,52.0,8.0,10.0,22,0.0,17.0,4.0,0.0,39.0,10.0,2.0,7.0,0.0,22.0,0.0,2.0,5.0,2.0,0.0,5.0,0.0,0.0,1.0,0.0,1.0,6.0,1.0,4.0,0.0,0.0,0.0,0.0,12.0,32.0,1.0,7.0,1.0,0.0,0.0,6.0,30.0,6.0,18.0,1.0,0.0,4.0,1.0,2.0,67.0,47.0,1.0,19.0,13.0,9.0,7.0,19.0,62.0,9.0,1.0,11.0,16.0,1.0,3.0,10.0,42.0,7.0,0.0,8.0,50.0,3.0,0.0,5.0,245.0,161.0,45.0,63.0,25.0,34.0,5.0,45.0
109,2015-12-01,188.0,126.0,35.0,54.0,107.0,178.0,12.0,14.0,186.0,43.0,2.0,3.0,3.0,48.0,2.0,14.0,23.0,7.0,0.0,32,1.0,43.0,0.0,1.0,43.0,1.0,0.0,5.0,0.0,17.0,0.0,2.0,9.0,8.0,1.0,4.0,1.0,0.0,0.0,0.0,2.0,6.0,0.0,2.0,0.0,0.0,0.0,0.0,12.0,37.0,1.0,11.0,0.0,0.0,0.0,5.0,41.0,8.0,8.0,3.0,0.0,3.0,0.0,1.0,50.0,20.0,0.0,43.0,23.0,8.0,9.0,22.0,58.0,20.0,2.0,12.0,27.0,7.0,5.0,10.0,118.0,11.0,1.0,6.0,26.0,26.0,4.0,3.0,244.0,176.0,78.0,67.0,44.0,58.0,21.0,33.0
110,2016-01-01,154.0,84.0,51.0,48.0,51.0,56.0,17.0,18.0,102.0,18.0,13.0,2.0,13.0,19.0,13.0,21.0,57.0,29.0,1.0,10,2.0,5.0,0.0,4.0,41.0,2.0,2.0,1.0,0.0,24.0,0.0,1.0,5.0,9.0,0.0,8.0,0.0,0.0,0.0,0.0,2.0,10.0,1.0,5.0,0.0,0.0,0.0,0.0,20.0,34.0,3.0,1.0,0.0,0.0,0.0,2.0,17.0,10.0,21.0,0.0,0.0,0.0,0.0,2.0,73.0,15.0,0.0,42.0,51.0,2.0,13.0,11.0,73.0,13.0,3.0,10.0,20.0,4.0,4.0,15.0,61.0,16.0,0.0,11.0,68.0,18.0,1.0,2.0,272.0,261.0,28.0,85.0,53.0,49.0,16.0,55.0
111,2016-02-01,163.0,152.0,32.0,55.0,76.0,58.0,5.0,6.0,172.0,65.0,3.0,7.0,22.0,31.0,8.0,17.0,23.0,29.0,1.0,7,13.0,8.0,1.0,3.0,20.0,3.0,1.0,1.0,0.0,16.0,0.0,0.0,13.0,9.0,0.0,2.0,0.0,2.0,0.0,0.0,4.0,9.0,0.0,11.0,0.0,0.0,0.0,0.0,24.0,20.0,3.0,9.0,0.0,1.0,0.0,5.0,18.0,14.0,39.0,2.0,0.0,4.0,0.0,2.0,35.0,20.0,0.0,36.0,19.0,9.0,9.0,4.0,87.0,17.0,4.0,19.0,34.0,8.0,8.0,14.0,77.0,31.0,4.0,9.0,93.0,7.0,4.0,5.0,204.0,177.0,44.0,71.0,24.0,40.0,19.0,32.0
112,2016-03-01,233.0,187.0,59.0,18.0,148.0,41.0,92.0,21.0,188.0,57.0,9.0,2.0,14.0,68.0,54.0,19.0,40.0,13.0,4.0,15,1.0,27.0,0.0,2.0,42.0,4.0,0.0,1.0,0.0,4.0,0.0,0.0,9.0,6.0,0.0,2.0,0.0,0.0,1.0,0.0,2.0,8.0,1.0,4.0,1.0,0.0,0.0,1.0,12.0,34.0,8.0,7.0,1.0,1.0,0.0,6.0,52.0,11.0,83.0,1.0,0.0,6.0,2.0,2.0,286.0,104.0,8.0,20.0,136.0,17.0,7.0,12.0,102.0,21.0,5.0,31.0,50.0,23.0,3.0,13.0,93.0,17.0,1.0,39.0,87.0,3.0,5.0,6.0,241.0,215.0,55.0,93.0,78.0,72.0,9.0,50.0
113,2016-04-01,104.0,111.0,28.0,35.0,158.0,47.0,18.0,6.0,137.0,13.0,11.0,5.0,7.0,67.0,1.0,12.0,72.0,34.0,1.0,29,17.0,27.0,0.0,15.0,30.0,2.0,0.0,9.0,0.0,7.0,0.0,1.0,5.0,9.0,0.0,8.0,2.0,0.0,0.0,0.0,9.0,6.0,2.0,7.0,0.0,1.0,0.0,0.0,17.0,23.0,1.0,2.0,0.0,1.0,0.0,3.0,32.0,5.0,42.0,2.0,1.0,3.0,0.0,4.0,134.0,10.0,1.0,20.0,45.0,18.0,7.0,9.0,60.0,18.0,6.0,13.0,19.0,16.0,5.0,8.0,92.0,26.0,1.0,30.0,231.0,5.0,4.0,6.0,245.0,166.0,54.0,96.0,67.0,52.0,23.0,62.0
114,2016-05-01,145.0,150.0,57.0,19.0,302.0,44.0,16.0,15.0,161.0,34.0,6.0,3.0,67.0,25.0,18.0,45.0,34.0,8.0,1.0,24,1.0,8.0,0.0,5.0,43.0,5.0,1.0,5.0,0.0,30.0,0.0,1.0,8.0,5.0,3.0,6.0,1.0,0.0,0.0,0.0,2.0,7.0,0.0,4.0,1.0,1.0,0.0,0.0,11.0,22.0,5.0,5.0,0.0,0.0,2.0,3.0,35.0,14.0,13.0,3.0,4.0,2.0,1.0,0.0,61.0,19.0,3.0,40.0,88.0,13.0,20.0,34.0,124.0,22.0,4.0,18.0,87.0,3.0,3.0,19.0,84.0,43.0,0.0,9.0,157.0,11.0,5.0,4.0,296.0,245.0,59.0,65.0,89.0,60.0,46.0,39.0
115,2016-06-01,188.0,172.0,31.0,46.0,137.0,66.0,12.0,27.0,149.0,32.0,8.0,1.0,4.0,11.0,20.0,24.0,43.0,24.0,0.0,25,3.0,9.0,1.0,2.0,31.0,5.0,1.0,1.0,0.0,12.0,0.0,3.0,5.0,6.0,2.0,11.0,0.0,0.0,0.0,1.0,8.0,4.0,1.0,4.0,1.0,0.0,0.0,0.0,10.0,20.0,1.0,2.0,1.0,0.0,0.0,2.0,22.0,12.0,12.0,3.0,0.0,2.0,0.0,1.0,67.0,26.0,3.0,17.0,56.0,2.0,4.0,19.0,46.0,16.0,2.0,0.0,38.0,8.0,7.0,17.0,182.0,12.0,0.0,20.0,147.0,10.0,3.0,13.0,291.0,194.0,77.0,84.0,94.0,59.0,11.0,51.0
116,2016-07-01,149.0,128.0,54.0,35.0,134.0,31.0,14.0,12.0,122.0,22.0,29.0,4.0,8.0,13.0,4.0,79.0,78.0,9.0,2.0,19,1.0,167.0,0.0,1.0,43.0,3.0,0.0,4.0,0.0,16.0,1.0,6.0,10.0,8.0,1.0,1.0,0.0,1.0,1.0,1.0,6.0,10.0,1.0,6.0,1.0,0.0,0.0,2.0,7.0,20.0,4.0,3.0,1.0,1.0,0.0,6.0,38.0,8.0,178.0,0.0,0.0,3.0,2.0,0.0,90.0,28.0,32.0,26.0,33.0,106.0,16.0,18.0,38.0,8.0,53.0,41.0,19.0,0.0,0.0,9.0,120.0,32.0,7.0,92.0,201.0,6.0,7.0,6.0,236.0,151.0,211.0,88.0,51.0,59.0,18.0,43.0
117,2016-08-01,112.0,196.0,68.0,64.0,222.0,71.0,13.0,8.0,84.0,14.0,31.0,5.0,13.0,11.0,21.0,12.0,125.0,11.0,1.0,24,2.0,222.0,2.0,56.0,25.0,4.0,0.0,13.0,0.0,15.0,0.0,2.0,4.0,1.0,1.0,6.0,1.0,0.0,0.0,0.0,0.0,10.0,0.0,5.0,2.0,1.0,0.0,0.0,20.0,53.0,6.0,8.0,0.0,0.0,1.0,3.0,104.0,6.0,72.0,2.0,2.0,5.0,1.0,4.0,47.0,22.0,6.0,22.0,36.0,25.0,11.0,19.0,33.0,19.0,6.0,21.0,83.0,8.0,8.0,13.0,108.0,20.0,5.0,31.0,187.0,5.0,8.0,8.0,293.0,191.0,134.0,97.0,70.0,70.0,20.0,40.0
118,2016-09-01,176.0,134.0,43.0,44.0,128.0,57.0,13.0,10.0,104.0,20.0,12.0,2.0,18.0,25.0,2.0,11.0,60.0,10.0,3.0,37,3.0,4.0,0.0,2.0,26.0,2.0,0.0,6.0,1.0,15.0,2.0,0.0,11.0,11.0,2.0,3.0,1.0,0.0,0.0,0.0,2.0,13.0,2.0,5.0,1.0,2.0,0.0,0.0,13.0,23.0,2.0,9.0,0.0,0.0,0.0,3.0,33.0,10.0,31.0,1.0,0.0,3.0,0.0,5.0,92.0,22.0,6.0,18.0,63.0,8.0,3.0,68.0,47.0,8.0,1.0,20.0,18.0,1.0,4.0,19.0,104.0,33.0,0.0,12.0,110.0,7.0,7.0,5.0,287.0,200.0,69.0,115.0,86.0,33.0,12.0,54.0
119,2016-10-01,203.0,232.0,13.0,39.0,137.0,54.0,16.0,24.0,153.0,29.0,16.0,2.0,8.0,28.0,7.0,32.0,10.0,7.0,2.0,21,2.0,3.0,0.0,1.0,72.0,10.0,0.0,4.0,0.0,25.0,1.0,2.0,3.0,13.0,1.0,1.0,0.0,0.0,0.0,0.0,0.0,5.0,3.0,3.0,0.0,0.0,0.0,0.0,11.0,17.0,2.0,8.0,0.0,0.0,2.0,3.0,25.0,15.0,27.0,3.0,2.0,9.0,4.0,1.0,120.0,65.0,5.0,43.0,81.0,10.0,7.0,38.0,77.0,17.0,2.0,4.0,26.0,4.0,3.0,20.0,129.0,35.0,7.0,9.0,93.0,5.0,3.0,16.0,221.0,208.0,71.0,88.0,93.0,27.0,14.0,89.0
120,2016-11-01,172.0,189.0,22.0,26.0,295.0,37.0,8.0,31.0,146.0,43.0,5.0,2.0,110.0,7.0,11.0,16.0,30.0,19.0,1.0,25,2.0,12.0,0.0,2.0,52.0,76.0,0.0,4.0,2.0,21.0,0.0,3.0,23.0,9.0,0.0,1.0,1.0,0.0,0.0,2.0,1.0,6.0,0.0,1.0,3.0,0.0,0.0,1.0,14.0,21.0,2.0,6.0,3.0,0.0,0.0,7.0,32.0,20.0,21.0,2.0,2.0,18.0,0.0,5.0,89.0,45.0,4.0,30.0,99.0,10.0,15.0,12.0,55.0,14.0,0.0,2.0,50.0,4.0,16.0,14.0,269.0,53.0,1.0,17.0,255.0,5.0,3.0,16.0,222.0,161.0,56.0,89.0,112.0,21.0,16.0,50.0
121,2016-12-01,151.0,199.0,24.0,33.0,438.0,46.0,79.0,37.0,166.0,28.0,15.0,3.0,95.0,11.0,3.0,24.0,15.0,14.0,1.0,9,1.0,9.0,0.0,23.0,44.0,6.0,0.0,6.0,0.0,16.0,0.0,2.0,13.0,10.0,0.0,1.0,0.0,0.0,0.0,0.0,1.0,2.0,8.0,4.0,0.0,1.0,0.0,0.0,12.0,25.0,1.0,4.0,2.0,1.0,0.0,4.0,35.0,6.0,20.0,2.0,0.0,10.0,0.0,2.0,91.0,29.0,2.0,28.0,75.0,6.0,13.0,19.0,108.0,23.0,2.0,10.0,79.0,3.0,8.0,25.0,204.0,63.0,3.0,23.0,281.0,2.0,4.0,8.0,397.0,311.0,70.0,126.0,214.0,70.0,32.0,61.0
122,2017-01-01,197.0,167.0,27.0,75.0,208.0,103.0,43.0,18.0,131.0,26.0,20.0,21.0,29.0,19.0,34.0,34.0,65.0,80.0,0.0,15,9.0,7.0,0.0,1.0,63.0,4.0,0.0,5.0,0.0,19.0,0.0,4.0,9.0,11.0,2.0,6.0,5.0,0.0,0.0,1.0,1.0,6.0,2.0,7.0,1.0,0.0,0.0,0.0,12.0,24.0,4.0,1.0,0.0,0.0,0.0,9.0,31.0,15.0,18.0,0.0,3.0,5.0,1.0,2.0,91.0,53.0,4.0,21.0,186.0,14.0,11.0,122.0,89.0,41.0,2.0,19.0,71.0,3.0,6.0,49.0,131.0,40.0,2.0,12.0,155.0,6.0,6.0,10.0,330.0,253.0,78.0,86.0,193.0,44.0,24.0,73.0
123,2017-02-01,106.0,182.0,32.0,54.0,451.0,25.0,23.0,14.0,150.0,75.0,14.0,3.0,147.0,14.0,11.0,38.0,19.0,10.0,5.0,24,2.0,11.0,0.0,5.0,24.0,2.0,1.0,7.0,0.0,11.0,0.0,3.0,8.0,5.0,1.0,3.0,0.0,0.0,3.0,2.0,1.0,8.0,1.0,1.0,0.0,0.0,0.0,0.0,17.0,19.0,2.0,3.0,2.0,0.0,0.0,5.0,20.0,6.0,30.0,1.0,0.0,1.0,0.0,1.0,52.0,38.0,2.0,29.0,102.0,13.0,8.0,9.0,43.0,25.0,4.0,15.0,93.0,5.0,4.0,10.0,134.0,42.0,1.0,6.0,133.0,9.0,4.0,14.0,309.0,211.0,44.0,70.0,145.0,40.0,16.0,34.0
124,2017-03-01,199.0,244.0,22.0,33.0,211.0,63.0,13.0,11.0,228.0,48.0,11.0,3.0,50.0,74.0,13.0,25.0,61.0,23.0,1.0,47,4.0,26.0,0.0,1.0,78.0,22.0,0.0,46.0,0.0,29.0,0.0,1.0,6.0,5.0,0.0,1.0,1.0,1.0,0.0,1.0,7.0,5.0,0.0,3.0,1.0,1.0,0.0,0.0,27.0,28.0,2.0,20.0,1.0,0.0,0.0,3.0,50.0,11.0,96.0,1.0,1.0,1.0,0.0,2.0,145.0,68.0,4.0,30.0,41.0,104.0,13.0,13.0,48.0,19.0,3.0,15.0,37.0,8.0,5.0,22.0,174.0,46.0,5.0,6.0,125.0,11.0,6.0,20.0,264.0,203.0,43.0,91.0,175.0,46.0,23.0,57.0
125,2017-04-01,161.0,136.0,15.0,37.0,88.0,166.0,18.0,7.0,76.0,32.0,8.0,1.0,13.0,10.0,5.0,50.0,62.0,13.0,3.0,34,4.0,9.0,1.0,2.0,71.0,3.0,0.0,7.0,0.0,25.0,1.0,3.0,9.0,3.0,1.0,3.0,1.0,1.0,0.0,0.0,3.0,9.0,0.0,3.0,0.0,1.0,4.0,1.0,19.0,26.0,0.0,20.0,1.0,1.0,1.0,4.0,26.0,13.0,17.0,6.0,0.0,17.0,0.0,11.0,112.0,24.0,4.0,21.0,81.0,7.0,12.0,7.0,100.0,15.0,2.0,17.0,63.0,2.0,8.0,24.0,146.0,14.0,3.0,10.0,150.0,6.0,9.0,5.0,326.0,227.0,51.0,95.0,100.0,83.0,39.0,59.0
126,2017-05-01,161.0,121.0,17.0,39.0,228.0,59.0,21.0,14.0,106.0,37.0,4.0,7.0,117.0,12.0,22.0,35.0,47.0,8.0,0.0,22,1.0,9.0,0.0,18.0,48.0,3.0,0.0,3.0,1.0,79.0,1.0,1.0,14.0,6.0,1.0,0.0,2.0,0.0,1.0,2.0,0.0,1.0,1.0,3.0,2.0,2.0,0.0,0.0,9.0,32.0,14.0,19.0,0.0,0.0,0.0,1.0,30.0,4.0,14.0,1.0,1.0,3.0,0.0,3.0,110.0,49.0,8.0,14.0,119.0,22.0,23.0,33.0,85.0,17.0,3.0,13.0,60.0,5.0,58.0,13.0,132.0,34.0,3.0,18.0,174.0,6.0,21.0,5.0,370.0,221.0,106.0,129.0,153.0,74.0,136.0,63.0
127,2017-06-01,177.0,142.0,21.0,25.0,218.0,35.0,61.0,29.0,215.0,34.0,6.0,3.0,80.0,18.0,50.0,42.0,33.0,12.0,0.0,29,2.0,18.0,0.0,4.0,52.0,11.0,0.0,4.0,0.0,19.0,2.0,5.0,12.0,3.0,0.0,5.0,3.0,1.0,0.0,0.0,0.0,7.0,0.0,2.0,0.0,1.0,0.0,0.0,18.0,26.0,4.0,8.0,1.0,1.0,1.0,5.0,24.0,3.0,33.0,3.0,3.0,1.0,17.0,4.0,111.0,22.0,1.0,23.0,167.0,14.0,15.0,21.0,67.0,13.0,4.0,10.0,115.0,7.0,19.0,15.0,139.0,32.0,5.0,11.0,206.0,7.0,13.0,6.0,308.0,195.0,57.0,99.0,217.0,31.0,153.0,59.0
128,2017-07-01,168.0,228.0,18.0,47.0,207.0,97.0,24.0,18.0,271.0,239.0,13.0,1.0,90.0,30.0,36.0,28.0,24.0,11.0,0.0,14,1.0,39.0,0.0,5.0,30.0,2.0,0.0,3.0,0.0,9.0,0.0,5.0,4.0,9.0,0.0,6.0,3.0,3.0,2.0,0.0,0.0,9.0,0.0,5.0,2.0,1.0,0.0,0.0,12.0,33.0,10.0,12.0,4.0,0.0,3.0,5.0,33.0,9.0,15.0,0.0,0.0,4.0,7.0,7.0,63.0,39.0,3.0,21.0,59.0,41.0,47.0,29.0,74.0,35.0,5.0,18.0,55.0,5.0,12.0,111.0,127.0,30.0,1.0,11.0,151.0,3.0,26.0,8.0,271.0,210.0,55.0,85.0,219.0,66.0,152.0,50.0
129,2017-08-01,118.0,170.0,21.0,32.0,200.0,41.0,74.0,7.0,110.0,48.0,2.0,11.0,18.0,9.0,38.0,30.0,34.0,10.0,1.0,45,5.0,16.0,1.0,0.0,27.0,1.0,0.0,0.0,0.0,14.0,1.0,1.0,16.0,19.0,0.0,0.0,0.0,1.0,2.0,0.0,1.0,10.0,0.0,3.0,0.0,0.0,0.0,0.0,25.0,16.0,0.0,18.0,3.0,0.0,0.0,9.0,23.0,14.0,29.0,0.0,2.0,1.0,16.0,4.0,122.0,150.0,2.0,59.0,53.0,13.0,75.0,33.0,76.0,23.0,2.0,27.0,37.0,1.0,51.0,40.0,127.0,29.0,2.0,19.0,143.0,7.0,30.0,34.0,346.0,306.0,85.0,123.0,236.0,64.0,190.0,72.0
130,2017-09-01,115.0,115.0,25.0,43.0,291.0,86.0,41.0,25.0,136.0,34.0,5.0,2.0,10.0,33.0,126.0,161.0,128.0,9.0,5.0,13,6.0,236.0,6.0,14.0,16.0,1.0,0.0,0.0,0.0,12.0,0.0,0.0,6.0,8.0,0.0,2.0,1.0,0.0,0.0,0.0,2.0,12.0,1.0,2.0,0.0,2.0,0.0,0.0,17.0,23.0,3.0,4.0,0.0,0.0,0.0,4.0,35.0,13.0,12.0,1.0,3.0,3.0,9.0,9.0,124.0,62.0,4.0,32.0,94.0,26.0,155.0,38.0,80.0,20.0,0.0,19.0,66.0,16.0,54.0,38.0,203.0,50.0,1.0,8.0,191.0,4.0,40.0,15.0,239.0,162.0,68.0,76.0,134.0,51.0,218.0,131.0
131,2017-10-01,116.0,119.0,12.0,25.0,148.0,59.0,45.0,25.0,118.0,47.0,5.0,3.0,24.0,39.0,99.0,54.0,47.0,20.0,6.0,16,7.0,9.0,0.0,5.0,39.0,2.0,0.0,3.0,0.0,8.0,1.0,1.0,11.0,8.0,0.0,4.0,0.0,0.0,0.0,0.0,4.0,12.0,0.0,2.0,0.0,1.0,0.0,0.0,30.0,92.0,8.0,9.0,0.0,1.0,1.0,4.0,28.0,5.0,45.0,3.0,5.0,4.0,7.0,10.0,115.0,38.0,4.0,28.0,59.0,5.0,74.0,52.0,112.0,19.0,4.0,17.0,25.0,9.0,16.0,42.0,228.0,29.0,3.0,12.0,93.0,2.0,21.0,14.0,355.0,274.0,78.0,75.0,111.0,66.0,211.0,77.0
132,2017-11-01,146.0,171.0,15.0,37.0,96.0,58.0,20.0,26.0,144.0,20.0,2.0,2.0,4.0,15.0,114.0,36.0,43.0,14.0,8.0,16,8.0,14.0,8.0,21.0,32.0,6.0,0.0,6.0,0.0,15.0,2.0,0.0,7.0,7.0,1.0,0.0,1.0,0.0,1.0,0.0,3.0,3.0,1.0,1.0,0.0,1.0,0.0,0.0,14.0,27.0,2.0,3.0,0.0,0.0,5.0,4.0,70.0,10.0,34.0,2.0,1.0,15.0,19.0,7.0,174.0,114.0,5.0,27.0,64.0,21.0,187.0,28.0,128.0,15.0,1.0,12.0,36.0,9.0,83.0,18.0,129.0,49.0,2.0,6.0,118.0,5.0,46.0,14.0,291.0,248.0,80.0,66.0,135.0,41.0,366.0,77.0
133,2017-12-01,152.0,135.0,22.0,31.0,90.0,87.0,114.0,20.0,70.0,32.0,1.0,1.0,32.0,17.0,83.0,51.0,35.0,17.0,2.0,44,4.0,22.0,2.0,5.0,51.0,5.0,1.0,2.0,0.0,14.0,1.0,0.0,8.0,6.0,0.0,2.0,1.0,0.0,1.0,1.0,1.0,8.0,2.0,2.0,0.0,0.0,0.0,0.0,30.0,33.0,5.0,4.0,4.0,2.0,9.0,6.0,45.0,8.0,69.0,2.0,3.0,6.0,33.0,4.0,105.0,59.0,6.0,38.0,119.0,26.0,338.0,30.0,77.0,27.0,3.0,14.0,40.0,7.0,186.0,36.0,133.0,27.0,5.0,15.0,121.0,5.0,111.0,13.0,399.0,247.0,70.0,85.0,134.0,75.0,681.0,109.0
134,2018-01-01,146.0,146.0,29.0,35.0,319.0,43.0,47.0,68.0,138.0,44.0,4.0,2.0,39.0,11.0,250.0,28.0,44.0,24.0,2.0,26,0.0,11.0,64.0,6.0,51.0,3.0,0.0,5.0,0.0,12.0,2.0,3.0,10.0,9.0,1.0,3.0,1.0,0.0,1.0,2.0,6.0,6.0,1.0,1.0,0.0,1.0,0.0,0.0,14.0,27.0,8.0,4.0,1.0,4.0,15.0,4.0,54.0,7.0,33.0,1.0,0.0,4.0,184.0,15.0,116.0,38.0,2.0,25.0,50.0,34.0,321.0,28.0,131.0,22.0,3.0,11.0,38.0,22.0,361.0,39.0,130.0,35.0,3.0,10.0,126.0,5.0,121.0,18.0,438.0,361.0,72.0,93.0,233.0,74.0,890.0,113.0
135,2018-02-01,174.0,152.0,22.0,60.0,188.0,30.0,66.0,59.0,182.0,30.0,4.0,4.0,37.0,12.0,209.0,24.0,92.0,71.0,7.0,45,4.0,22.0,5.0,3.0,25.0,12.0,0.0,4.0,0.0,8.0,2.0,2.0,10.0,7.0,1.0,4.0,4.0,2.0,1.0,2.0,1.0,3.0,2.0,2.0,1.0,0.0,2.0,0.0,37.0,23.0,9.0,12.0,1.0,4.0,13.0,6.0,49.0,9.0,17.0,2.0,4.0,7.0,134.0,4.0,142.0,27.0,1.0,16.0,63.0,10.0,162.0,35.0,145.0,14.0,10.0,5.0,56.0,11.0,212.0,37.0,266.0,46.0,1.0,7.0,154.0,7.0,115.0,13.0,309.0,229.0,67.0,155.0,143.0,65.0,639.0,69.0
136,2018-03-01,184.0,188.0,13.0,41.0,260.0,139.0,47.0,49.0,212.0,41.0,6.0,3.0,10.0,11.0,73.0,56.0,27.0,20.0,2.0,8,5.0,24.0,6.0,6.0,28.0,6.0,0.0,4.0,0.0,6.0,0.0,2.0,24.0,12.0,0.0,4.0,0.0,1.0,1.0,7.0,2.0,4.0,1.0,2.0,0.0,0.0,2.0,0.0,30.0,23.0,5.0,5.0,1.0,0.0,2.0,6.0,44.0,16.0,27.0,1.0,1.0,44.0,57.0,11.0,210.0,48.0,10.0,14.0,48.0,20.0,146.0,98.0,158.0,13.0,6.0,22.0,48.0,19.0,176.0,52.0,300.0,42.0,6.0,21.0,152.0,18.0,121.0,33.0,408.0,298.0,136.0,134.0,289.0,109.0,522.0,91.0
137,2018-04-01,120.0,155.0,19.0,42.0,190.0,39.0,44.0,71.0,163.0,40.0,8.0,0.0,24.0,20.0,47.0,90.0,38.0,11.0,3.0,19,5.0,15.0,5.0,0.0,19.0,1.0,0.0,29.0,0.0,2.0,0.0,2.0,12.0,5.0,1.0,2.0,0.0,3.0,0.0,2.0,0.0,6.0,1.0,0.0,1.0,1.0,0.0,0.0,18.0,26.0,8.0,14.0,2.0,0.0,4.0,2.0,32.0,6.0,32.0,1.0,3.0,5.0,32.0,2.0,163.0,77.0,3.0,22.0,151.0,16.0,126.0,181.0,103.0,26.0,1.0,8.0,27.0,2.0,33.0,60.0,165.0,34.0,3.0,13.0,199.0,8.0,61.0,43.0,386.0,224.0,64.0,85.0,190.0,68.0,338.0,88.0
138,2018-05-01,123.0,97.0,15.0,73.0,245.0,49.0,24.0,78.0,165.0,41.0,8.0,9.0,128.0,18.0,196.0,52.0,40.0,9.0,0.0,10,4.0,5.0,3.0,3.0,28.0,2.0,1.0,6.0,0.0,6.0,1.0,2.0,16.0,5.0,0.0,6.0,0.0,2.0,1.0,4.0,0.0,3.0,3.0,1.0,0.0,2.0,0.0,0.0,19.0,26.0,3.0,24.0,1.0,3.0,4.0,3.0,61.0,20.0,24.0,4.0,0.0,7.0,33.0,2.0,128.0,51.0,4.0,20.0,48.0,14.0,223.0,117.0,90.0,20.0,2.0,16.0,53.0,5.0,39.0,62.0,140.0,32.0,1.0,13.0,138.0,4.0,65.0,39.0,407.0,305.0,89.0,117.0,182.0,88.0,390.0,118.0
139,2018-06-01,97.0,119.0,12.0,30.0,54.0,56.0,14.0,23.0,126.0,29.0,4.0,3.0,24.0,12.0,77.0,159.0,21.0,8.0,0.0,7,4.0,12.0,0.0,2.0,31.0,13.0,3.0,2.0,0.0,9.0,2.0,2.0,6.0,4.0,0.0,4.0,2.0,0.0,3.0,0.0,3.0,7.0,1.0,2.0,0.0,1.0,0.0,0.0,18.0,36.0,3.0,21.0,2.0,1.0,7.0,4.0,48.0,12.0,35.0,3.0,0.0,1.0,24.0,5.0,76.0,51.0,1.0,15.0,82.0,8.0,65.0,107.0,68.0,20.0,8.0,9.0,63.0,2.0,129.0,148.0,132.0,45.0,5.0,14.0,137.0,12.0,81.0,78.0,378.0,229.0,55.0,78.0,139.0,68.0,295.0,101.0
140,2018-07-01,89.0,95.0,7.0,44.0,88.0,39.0,18.0,86.0,140.0,33.0,2.0,4.0,28.0,10.0,151.0,426.0,30.0,5.0,1.0,17,7.0,15.0,4.0,1.0,19.0,5.0,0.0,8.0,0.0,5.0,0.0,0.0,15.0,6.0,2.0,3.0,10.0,0.0,5.0,2.0,1.0,14.0,1.0,6.0,0.0,0.0,0.0,0.0,27.0,22.0,3.0,14.0,3.0,0.0,2.0,11.0,52.0,7.0,11.0,1.0,1.0,8.0,9.0,4.0,129.0,40.0,6.0,27.0,76.0,23.0,53.0,58.0,125.0,12.0,2.0,15.0,44.0,2.0,27.0,33.0,148.0,51.0,6.0,12.0,184.0,5.0,84.0,130.0,326.0,215.0,75.0,107.0,165.0,61.0,217.0,108.0
141,2018-08-01,74.0,87.0,8.0,16.0,25.0,47.0,20.0,18.0,174.0,10.0,4.0,2.0,9.0,7.0,26.0,42.0,16.0,9.0,1.0,11,2.0,26.0,5.0,7.0,19.0,4.0,0.0,2.0,0.0,5.0,0.0,0.0,7.0,6.0,2.0,4.0,0.0,2.0,1.0,2.0,2.0,16.0,0.0,3.0,0.0,0.0,1.0,5.0,22.0,24.0,1.0,1.0,2.0,0.0,5.0,1.0,41.0,13.0,32.0,1.0,3.0,10.0,9.0,3.0,197.0,48.0,2.0,41.0,84.0,12.0,133.0,38.0,73.0,20.0,8.0,18.0,41.0,2.0,43.0,32.0,339.0,45.0,5.0,9.0,149.0,9.0,73.0,25.0,373.0,229.0,71.0,96.0,166.0,124.0,227.0,93.0
142,2018-09-01,84.0,81.0,12.0,13.0,169.0,56.0,36.0,16.0,178.0,21.0,13.0,2.0,15.0,3.0,51.0,37.0,20.0,9.0,0.0,10,4.0,8.0,0.0,5.0,13.0,1.0,0.0,9.0,0.0,0.0,0.0,0.0,7.0,3.0,2.0,0.0,3.0,0.0,2.0,0.0,3.0,5.0,1.0,1.0,0.0,0.0,0.0,0.0,45.0,23.0,2.0,10.0,1.0,1.0,0.0,2.0,23.0,8.0,11.0,1.0,2.0,4.0,5.0,3.0,158.0,51.0,4.0,25.0,45.0,12.0,50.0,82.0,74.0,12.0,4.0,8.0,25.0,1.0,27.0,19.0,166.0,36.0,5.0,13.0,113.0,6.0,35.0,20.0,357.0,234.0,95.0,105.0,188.0,99.0,221.0,107.0
143,2018-10-01,97.0,115.0,13.0,13.0,122.0,62.0,14.0,22.0,130.0,32.0,9.0,5.0,9.0,23.0,29.0,94.0,59.0,20.0,2.0,12,7.0,47.0,4.0,1.0,26.0,2.0,0.0,3.0,0.0,12.0,0.0,0.0,10.0,7.0,2.0,3.0,1.0,0.0,1.0,0.0,5.0,12.0,0.0,7.0,0.0,0.0,2.0,1.0,17.0,19.0,1.0,1.0,1.0,1.0,2.0,2.0,24.0,19.0,30.0,5.0,1.0,8.0,3.0,4.0,129.0,35.0,3.0,36.0,46.0,27.0,20.0,94.0,89.0,21.0,2.0,2.0,66.0,1.0,41.0,19.0,145.0,28.0,2.0,10.0,121.0,8.0,35.0,44.0,302.0,238.0,87.0,108.0,143.0,116.0,203.0,99.0
144,2018-11-01,111.0,104.0,7.0,40.0,74.0,74.0,6.0,115.0,97.0,22.0,5.0,7.0,30.0,17.0,137.0,105.0,36.0,6.0,1.0,24,1.0,3.0,62.0,3.0,21.0,1.0,1.0,1.0,0.0,41.0,0.0,1.0,9.0,3.0,0.0,1.0,0.0,0.0,1.0,0.0,2.0,8.0,3.0,2.0,0.0,1.0,1.0,0.0,21.0,32.0,1.0,6.0,0.0,0.0,2.0,4.0,53.0,11.0,20.0,2.0,0.0,5.0,4.0,10.0,89.0,41.0,3.0,37.0,47.0,9.0,54.0,65.0,63.0,17.0,3.0,9.0,32.0,2.0,38.0,28.0,187.0,24.0,3.0,2.0,137.0,10.0,33.0,22.0,354.0,214.0,83.0,86.0,87.0,72.0,231.0,71.0
145,2018-12-01,72.0,42.0,3.0,48.0,86.0,75.0,8.0,81.0,177.0,39.0,7.0,4.0,22.0,68.0,24.0,51.0,28.0,10.0,0.0,19,4.0,3.0,3.0,3.0,16.0,2.0,0.0,1.0,0.0,7.0,0.0,2.0,3.0,1.0,0.0,3.0,0.0,0.0,3.0,0.0,0.0,6.0,0.0,4.0,0.0,0.0,0.0,0.0,33.0,10.0,5.0,3.0,2.0,0.0,3.0,2.0,38.0,11.0,17.0,5.0,0.0,11.0,5.0,5.0,176.0,29.0,3.0,36.0,52.0,12.0,36.0,104.0,180.0,12.0,3.0,34.0,38.0,22.0,35.0,43.0,252.0,22.0,4.0,7.0,131.0,15.0,65.0,60.0,418.0,210.0,62.0,73.0,101.0,69.0,237.0,104.0
146,2019-01-01,92.0,94.0,13.0,61.0,71.0,37.0,13.0,43.0,160.0,57.0,18.0,10.0,47.0,28.0,55.0,249.0,47.0,9.0,0.0,50,6.0,8.0,3.0,4.0,38.0,8.0,0.0,11.0,0.0,33.0,1.0,0.0,16.0,10.0,1.0,4.0,0.0,0.0,0.0,3.0,3.0,8.0,0.0,6.0,1.0,2.0,0.0,1.0,17.0,18.0,4.0,8.0,0.0,2.0,3.0,5.0,31.0,9.0,14.0,4.0,5.0,6.0,3.0,2.0,189.0,49.0,6.0,92.0,89.0,26.0,41.0,74.0,125.0,9.0,1.0,16.0,44.0,1.0,30.0,166.0,165.0,52.0,6.0,10.0,241.0,13.0,50.0,48.0,476.0,243.0,65.0,91.0,207.0,92.0,305.0,176.0
147,2019-02-01,102.0,97.0,31.0,47.0,87.0,15.0,16.0,44.0,207.0,42.0,23.0,10.0,51.0,27.0,31.0,131.0,46.0,17.0,4.0,21,9.0,2.0,3.0,20.0,22.0,2.0,0.0,4.0,0.0,5.0,2.0,7.0,6.0,3.0,1.0,6.0,0.0,0.0,1.0,0.0,1.0,5.0,1.0,5.0,0.0,0.0,0.0,0.0,7.0,20.0,3.0,6.0,0.0,0.0,0.0,7.0,35.0,9.0,19.0,4.0,5.0,1.0,1.0,0.0,160.0,53.0,0.0,25.0,110.0,8.0,22.0,84.0,165.0,18.0,12.0,7.0,19.0,8.0,128.0,107.0,251.0,77.0,7.0,10.0,436.0,12.0,37.0,57.0,458.0,311.0,89.0,101.0,184.0,95.0,181.0,167.0
148,2019-03-01,78.0,98.0,11.0,22.0,303.0,23.0,17.0,85.0,193.0,31.0,3.0,9.0,28.0,5.0,49.0,76.0,27.0,13.0,2.0,16,8.0,35.0,2.0,10.0,77.0,3.0,0.0,5.0,0.0,30.0,3.0,0.0,9.0,1.0,0.0,2.0,2.0,0.0,0.0,0.0,2.0,4.0,4.0,2.0,0.0,0.0,0.0,1.0,29.0,20.0,2.0,8.0,2.0,1.0,2.0,6.0,39.0,11.0,33.0,1.0,2.0,10.0,5.0,1.0,208.0,41.0,1.0,26.0,46.0,10.0,33.0,31.0,81.0,20.0,2.0,15.0,36.0,4.0,37.0,25.0,157.0,49.0,4.0,15.0,406.0,5.0,24.0,25.0,342.0,192.0,75.0,104.0,189.0,42.0,170.0,99.0
149,2019-04-01,99.0,78.0,6.0,22.0,68.0,23.0,58.0,150.0,203.0,33.0,7.0,5.0,4.0,11.0,143.0,436.0,58.0,10.0,1.0,17,1.0,6.0,1.0,2.0,73.0,8.0,0.0,5.0,0.0,6.0,0.0,1.0,13.0,10.0,0.0,1.0,7.0,0.0,0.0,1.0,2.0,5.0,1.0,0.0,1.0,1.0,0.0,0.0,19.0,16.0,4.0,8.0,2.0,0.0,0.0,2.0,25.0,4.0,14.0,1.0,2.0,3.0,1.0,1.0,226.0,33.0,2.0,49.0,69.0,13.0,43.0,91.0,71.0,15.0,3.0,7.0,34.0,7.0,19.0,117.0,278.0,43.0,3.0,8.0,282.0,6.0,19.0,15.0,417.0,272.0,75.0,107.0,129.0,71.0,131.0,169.0
150,2019-05-01,144.0,96.0,20.0,33.0,63.0,37.0,75.0,296.0,331.0,39.0,8.0,23.0,53.0,14.0,25.0,296.0,49.0,19.0,2.0,18,15.0,7.0,2.0,5.0,17.0,1.0,0.0,2.0,0.0,3.0,0.0,0.0,5.0,7.0,1.0,1.0,2.0,1.0,0.0,1.0,0.0,7.0,0.0,6.0,0.0,0.0,0.0,2.0,24.0,20.0,3.0,12.0,0.0,1.0,0.0,4.0,27.0,6.0,31.0,3.0,0.0,6.0,0.0,1.0,127.0,30.0,6.0,20.0,51.0,8.0,10.0,153.0,92.0,11.0,1.0,11.0,31.0,3.0,9.0,197.0,131.0,40.0,3.0,11.0,180.0,7.0,22.0,58.0,432.0,257.0,79.0,89.0,164.0,65.0,168.0,107.0
151,2019-06-01,148.0,106.0,15.0,15.0,32.0,41.0,15.0,54.0,165.0,38.0,10.0,3.0,53.0,16.0,76.0,102.0,49.0,20.0,3.0,27,2.0,83.0,16.0,16.0,20.0,3.0,0.0,3.0,0.0,10.0,0.0,0.0,10.0,8.0,1.0,3.0,4.0,,0.0,1.0,2.0,8.0,3.0,5.0,1.0,0.0,0.0,0.0,20.0,14.0,5.0,3.0,2.0,0.0,2.0,6.0,38.0,7.0,22.0,1.0,3.0,9.0,0.0,2.0,191.0,36.0,4.0,18.0,32.0,13.0,39.0,92.0,111.0,8.0,2.0,10.0,23.0,7.0,13.0,35.0,180.0,52.0,3.0,5.0,324.0,19.0,57.0,48.0,440.0,230.0,46.0,79.0,146.0,86.0,247.0,109.0
152,2019-07-01,105.0,65.0,17.0,29.0,13.0,28.0,85.0,600.0,266.0,30.0,10.0,10.0,17.0,17.0,93.0,770.0,51.0,12.0,0.0,40,8.0,13.0,1.0,5.0,27.0,2.0,0.0,3.0,0.0,6.0,1.0,2.0,7.0,1.0,1.0,6.0,5.0,,2.0,3.0,2.0,5.0,0.0,1.0,,0.0,0.0,0.0,38.0,14.0,5.0,5.0,2.0,1.0,2.0,11.0,37.0,9.0,14.0,0.0,3.0,1.0,4.0,2.0,217.0,54.0,6.0,26.0,78.0,15.0,47.0,96.0,81.0,16.0,2.0,13.0,32.0,7.0,57.0,63.0,157.0,37.0,1.0,12.0,243.0,13.0,66.0,121.0,376.0,530.0,89.0,113.0,126.0,57.0,190.0,160.0
153,2019-08-01,75.0,59.0,4.0,20.0,85.0,23.0,21.0,190.0,268.0,47.0,1.0,1.0,17.0,32.0,32.0,603.0,50.0,29.0,0.0,10,16.0,32.0,1.0,8.0,40.0,5.0,1.0,15.0,0.0,10.0,,4.0,18.0,7.0,0.0,3.0,2.0,,2.0,,1.0,9.0,5.0,1.0,,0.0,0.0,2.0,16.0,35.0,2.0,1.0,1.0,,,6.0,27.0,4.0,20.0,3.0,6.0,4.0,7.0,0.0,189.0,62.0,7.0,16.0,58.0,15.0,67.0,273.0,116.0,24.0,1.0,6.0,118.0,1.0,8.0,105.0,265.0,64.0,4.0,8.0,521.0,10.0,42.0,214.0,492.0,316.0,63.0,113.0,147.0,83.0,163.0,146.0
154,2019-09-01,212.0,47.0,2.0,15.0,30.0,42.0,6.0,438.0,188.0,28.0,9.0,2.0,5.0,35.0,40.0,241.0,57.0,10.0,2.0,27,13.0,21.0,2.0,6.0,34.0,17.0,,7.0,2.0,8.0,,,5.0,6.0,1.0,2.0,1.0,,2.0,,4.0,6.0,2.0,7.0,,1.0,3.0,,19.0,13.0,1.0,2.0,3.0,,,2.0,26.0,4.0,12.0,1.0,7.0,3.0,1.0,2.0,110.0,31.0,2.0,21.0,27.0,36.0,36.0,76.0,64.0,21.0,4.0,2.0,40.0,,13.0,56.0,138.0,36.0,20.0,3.0,259.0,6.0,17.0,49.0,311.0,255.0,57.0,86.0,131.0,67.0,201.0,108.0
