,month,utopia,dystopia
0,2006-04-01,1,3
1,2006-05-01,6,1
2,2006-06-01,8,2
3,2006-07-01,14,1
4,2006-08-01,6,0
5,2006-09-01,7,4
6,2006-10-01,8,0
7,2006-11-01,8,2
8,2006-12-01,7,1
9,2007-01-01,20,2
10,2007-02-01,20,3
11,2007-03-01,24,1
12,2007-04-01,26,0
13,2007-05-01,43,0
14,2007-06-01,42,2
15,2007-07-01,31,6
16,2007-08-01,51,6
17,2007-09-01,57,5
18,2007-10-01,58,9
19,2007-11-01,59,7
20,2007-12-01,67,16
21,2008-01-01,91,12
22,2008-02-01,87,17
23,2008-03-01,71,14
24,2008-04-01,72,8
25,2008-05-01,78,19
26,2008-06-01,74,12
27,2008-07-01,98,13
28,2008-08-01,106,3
29,2008-09-01,84,19
30,2008-10-01,137,19
31,2008-11-01,111,17
32,2008-12-01,103,12
33,2009-01-01,126,15
34,2009-02-01,163,24
35,2009-03-01,174,16
36,2009-04-01,182,50
37,2009-05-01,199,48
38,2009-06-01,185,45
39,2009-07-01,232,44
40,2009-08-01,267,41
41,2009-09-01,289,40
42,2009-10-01,323,50
43,2009-11-01,344,68
44,2009-12-01,299,59
45,2010-01-01,393,89
46,2010-02-01,316,74
47,2010-03-01,425,81
48,2010-04-01,432,67
49,2010-05-01,375,85
50,2010-06-01,429,87
51,2010-07-01,480,115
52,2010-08-01,508,82
53,2010-09-01,566,106
54,2010-10-01,665,103
55,2010-11-01,674,152
56,2010-12-01,725,162
57,2011-01-01,770,118
58,2011-02-01,614,133
59,2011-03-01,894,121
60,2011-04-01,900,123
61,2011-05-01,1021,165
62,2011-06-01,953,187
63,2011-07-01,991,211
64,2011-08-01,1124,230
65,2011-09-01,1129,186
66,2011-10-01,1291,237
67,2011-11-01,1237,226
68,2011-12-01,1326,252
69,2012-01-01,1540,301
70,2012-02-01,1444,288
71,2012-03-01,1623,333
72,2012-04-01,1634,341
73,2012-05-01,1836,328
74,2012-06-01,1947,346
75,2012-07-01,2130,372
76,2012-08-01,2397,498
77,2012-09-01,1945,333
78,2012-10-01,2218,363
79,2012-11-01,2174,435
80,2012-12-01,2329,447
81,2013-01-01,2828,547
82,2013-02-01,2504,512
83,2013-03-01,2898,614
84,2013-04-01,3264,607
85,2013-05-01,3407,627
86,2013-06-01,3125,807
87,2013-07-01,3228,767
88,2013-08-01,3206,811
89,2013-09-01,2771,632
90,2013-10-01,3170,641
91,2013-11-01,3014,637
92,2013-12-01,3407,971
93,2014-01-01,3577,892
94,2014-02-01,3453,678
95,2014-03-01,3506,949
96,2014-04-01,3469,846
97,2014-05-01,3470,882
98,2014-06-01,3304,779
99,2014-07-01,4306,986
100,2014-08-01,4520,939
101,2014-09-01,4773,808
102,2014-10-01,4851,917
103,2014-11-01,4163,895
104,2014-12-01,4047,943
105,2015-01-01,4516,1191
106,2015-02-01,4222,902
107,2015-03-01,4366,1074
108,2015-04-01,4586,1024
109,2015-05-01,4559,1131
110,2015-06-01,5129,1144
111,2015-07-01,5382,1092
112,2015-08-01,5194,1206
113,2015-09-01,5176,1146
114,2015-10-01,5085,1154
115,2015-11-01,5021,1108
116,2015-12-01,5388,1233
117,2016-01-01,5759,1403
118,2016-02-01,6165,1599
119,2016-03-01,6241,1469
120,2016-04-01,5789,1501
121,2016-05-01,5769,1407
122,2016-06-01,5905,1470
123,2016-07-01,5855,1655
124,2016-08-01,6330,1500
125,2016-09-01,5698,1426
126,2016-10-01,5864,1532
127,2016-11-01,6597,1772
128,2016-12-01,6628,1814
129,2017-01-01,7191,2130
130,2017-02-01,7082,1940
131,2017-03-01,8418,2011
132,2017-04-01,8919,1906
133,2017-05-01,8106,2266
134,2017-06-01,7991,2116
135,2017-07-01,7851,2245
136,2017-08-01,8463,2060
137,2017-09-01,7910,1879
138,2017-10-01,8432,2383
139,2017-11-01,8878,2407
140,2017-12-01,8355,2472
141,2018-01-01,8749,2567
142,2018-02-01,9070,2612
143,2018-03-01,9227,2655
144,2018-04-01,8657,2626
145,2018-05-01,9610,3013
146,2018-06-01,8654,3159
147,2018-07-01,10155,3158
148,2018-08-01,9434,3164
149,2018-09-01,8358,2830
150,2018-10-01,8652,2788
151,2018-11-01,8827,2837
152,2018-12-01,9219,3039
153,2019-01-01,10597,3455
154,2019-02-01,9840,3253
155,2019-03-01,10158,3506
156,2019-04-01,10004,3985
157,2019-05-01,10444,4329
158,2019-06-01,10774,5305
159,2019-07-01,11596,4981
160,2019-08-01,11744,5137
161,2019-09-01,8061,3410
