month,Futurology_AI,technology_AI,science_AI,askscience_AI,gadgets_AI,books_AI,scifi_AI,movies_AI,gaming_AI,television_AI,news_AI,worldnews_AI,politics_AI,philosophy_AI,AskReddit_AI,todayilearned_AI,explainlikeimfive_AI
2006-10-01,,,1,,,,,,,,,,,,,,
2006-11-01,,,3,,,,,,,,,,,,,,
2006-12-01,,,0,,,,,,,,,,,,,,
2007-01-01,,,0,,,,,,,,,,,,,,
2007-02-01,,,5,,,,,,,,,,,,,,
2007-03-01,,,11,,,,,,,,,,,,,,
2007-04-01,,,4,,,,,,,,,,,,,,
2007-05-01,,,1,,,,,,,,,,,,,,
2007-06-01,,,0,,,,,,,,,,,,,,
2007-07-01,,,3,,,,,,,,,,,,,,
2007-08-01,,,5,,,,,,,,,,,,,,
2007-09-01,,,6,,,,,,,,,,4.0,,,,
2007-10-01,,,17,,,,,,7.0,,,,3.0,,,,
2007-11-01,,,5,,,,,,1.0,,,,11.0,,,,
2007-12-01,,,6,,,,,,4.0,,,,14.0,,,,
2008-01-01,,,10,,1.0,,,,8.0,,,,7.0,,,,
2008-02-01,,,18,,0.0,,,,12.0,,,,4.0,2.0,,,
2008-03-01,,,18,,1.0,,1.0,,19.0,,,,3.0,4.0,,,
2008-04-01,,10.0,22,,2.0,,3.0,,21.0,,,2.0,6.0,3.0,2.0,,
2008-05-01,,6.0,165,,0.0,,7.0,,26.0,,,5.0,5.0,1.0,2.0,,
2008-06-01,,14.0,22,,0.0,,0.0,,25.0,,,2.0,4.0,3.0,9.0,,
2008-07-01,,10.0,10,,2.0,,6.0,,36.0,,,1.0,4.0,1.0,8.0,,
2008-08-01,,6.0,14,,1.0,,5.0,,28.0,,1.0,4.0,3.0,5.0,9.0,,
2008-09-01,,4.0,10,,1.0,,2.0,,33.0,,0.0,2.0,5.0,3.0,2.0,,
2008-10-01,,22.0,16,,3.0,,1.0,,47.0,,0.0,4.0,5.0,1.0,6.0,,
2008-11-01,,10.0,20,,1.0,,7.0,,85.0,,0.0,0.0,3.0,7.0,10.0,,
2008-12-01,,12.0,19,,1.0,,3.0,,27.0,,0.0,3.0,6.0,1.0,20.0,,
2009-01-01,,13.0,25,,0.0,,7.0,6.0,67.0,,1.0,17.0,8.0,3.0,14.0,,
2009-02-01,,9.0,14,,0.0,,16.0,1.0,81.0,,1.0,14.0,5.0,4.0,20.0,,
2009-03-01,,32.0,17,,0.0,,9.0,0.0,89.0,,0.0,2.0,0.0,9.0,25.0,,
2009-04-01,,30.0,44,,0.0,3.0,14.0,4.0,83.0,,0.0,9.0,4.0,15.0,25.0,,
2009-05-01,,40.0,24,,0.0,0.0,17.0,4.0,116.0,,0.0,7.0,3.0,5.0,33.0,,
2009-06-01,,18.0,43,,0.0,0.0,12.0,0.0,304.0,,0.0,3.0,6.0,8.0,53.0,,
2009-07-01,,24.0,43,,0.0,1.0,12.0,1.0,137.0,,0.0,5.0,7.0,34.0,31.0,,
2009-08-01,,21.0,14,,2.0,1.0,25.0,3.0,139.0,,0.0,10.0,5.0,2.0,49.0,,
2009-09-01,,37.0,49,,0.0,2.0,3.0,8.0,191.0,,0.0,6.0,3.0,12.0,90.0,3.0,
2009-10-01,,21.0,38,,2.0,1.0,26.0,9.0,270.0,,0.0,5.0,4.0,5.0,102.0,0.0,
2009-11-01,,14.0,44,,0.0,3.0,38.0,9.0,344.0,,2.0,8.0,18.0,17.0,85.0,5.0,
2009-12-01,,31.0,122,,0.0,0.0,28.0,14.0,335.0,,1.0,11.0,8.0,36.0,93.0,0.0,
2010-01-01,,13.0,39,,1.0,2.0,30.0,7.0,271.0,,0.0,8.0,11.0,15.0,210.0,3.0,
2010-02-01,,40.0,75,,0.0,1.0,18.0,7.0,401.0,,0.0,7.0,7.0,63.0,84.0,2.0,
2010-03-01,,123.0,23,,0.0,0.0,36.0,13.0,472.0,,0.0,13.0,9.0,2.0,137.0,4.0,
2010-04-01,,33.0,87,11.0,6.0,1.0,17.0,4.0,370.0,,0.0,9.0,8.0,8.0,160.0,6.0,
2010-05-01,,66.0,44,0.0,1.0,5.0,16.0,1.0,422.0,,0.0,2.0,10.0,2.0,57.0,2.0,
2010-06-01,,65.0,49,0.0,0.0,19.0,20.0,7.0,433.0,,0.0,10.0,10.0,4.0,99.0,1.0,
2010-07-01,,9.0,32,3.0,0.0,2.0,19.0,6.0,641.0,,0.0,4.0,17.0,32.0,112.0,4.0,
2010-08-01,,19.0,133,4.0,1.0,18.0,9.0,10.0,371.0,,1.0,6.0,7.0,12.0,137.0,1.0,
2010-09-01,,18.0,30,1.0,4.0,2.0,83.0,4.0,571.0,,1.0,6.0,3.0,20.0,101.0,3.0,
2010-10-01,,87.0,29,7.0,2.0,3.0,23.0,12.0,686.0,,4.0,3.0,9.0,16.0,93.0,1.0,
2010-11-01,,15.0,28,9.0,0.0,3.0,25.0,9.0,790.0,1.0,0.0,9.0,19.0,72.0,87.0,13.0,
2010-12-01,,13.0,19,6.0,8.0,6.0,26.0,17.0,713.0,0.0,0.0,5.0,10.0,29.0,115.0,7.0,
2011-01-01,,40.0,98,28.0,0.0,1.0,70.0,9.0,726.0,0.0,2.0,7.0,12.0,39.0,134.0,7.0,
2011-02-01,,214.0,150,47.0,1.0,9.0,13.0,10.0,629.0,0.0,1.0,11.0,12.0,23.0,306.0,11.0,
2011-03-01,,22.0,12,55.0,2.0,1.0,4.0,2.0,811.0,0.0,1.0,11.0,25.0,20.0,179.0,17.0,
2011-04-01,,17.0,19,64.0,1.0,2.0,44.0,7.0,748.0,0.0,1.0,159.0,22.0,18.0,157.0,11.0,
2011-05-01,,39.0,62,33.0,0.0,2.0,22.0,9.0,688.0,0.0,3.0,74.0,19.0,16.0,192.0,17.0,
2011-06-01,,23.0,24,58.0,0.0,6.0,23.0,10.0,837.0,0.0,6.0,18.0,21.0,18.0,238.0,11.0,
2011-07-01,,44.0,53,34.0,0.0,9.0,63.0,24.0,936.0,0.0,1.0,19.0,15.0,10.0,202.0,20.0,8.0
2011-08-01,,51.0,24,30.0,1.0,2.0,28.0,13.0,767.0,0.0,0.0,56.0,14.0,6.0,162.0,20.0,14.0
2011-09-01,,27.0,37,47.0,0.0,5.0,26.0,15.0,783.0,0.0,11.0,16.0,23.0,94.0,197.0,40.0,15.0
2011-10-01,,99.0,12,34.0,2.0,0.0,25.0,7.0,729.0,0.0,1.0,55.0,38.0,19.0,204.0,10.0,13.0
2011-11-01,,38.0,110,78.0,3.0,4.0,61.0,14.0,837.0,0.0,0.0,53.0,29.0,31.0,186.0,36.0,40.0
2011-12-01,2.0,56.0,30,34.0,3.0,2.0,78.0,32.0,564.0,2.0,2.0,27.0,35.0,41.0,141.0,19.0,20.0
2012-01-01,2.0,21.0,82,53.0,0.0,5.0,57.0,16.0,500.0,1.0,6.0,13.0,21.0,107.0,173.0,34.0,23.0
2012-02-01,2.0,60.0,35,33.0,4.0,4.0,25.0,10.0,573.0,3.0,4.0,21.0,24.0,49.0,218.0,16.0,15.0
2012-03-01,6.0,69.0,17,115.0,5.0,4.0,47.0,32.0,731.0,0.0,4.0,16.0,50.0,28.0,233.0,20.0,13.0
2012-04-01,16.0,123.0,50,52.0,4.0,4.0,24.0,36.0,518.0,0.0,1.0,16.0,29.0,62.0,261.0,34.0,37.0
2012-05-01,27.0,56.0,21,28.0,2.0,3.0,38.0,30.0,581.0,4.0,2.0,36.0,34.0,28.0,363.0,43.0,8.0
2012-06-01,39.0,73.0,46,21.0,2.0,4.0,19.0,95.0,848.0,3.0,1.0,11.0,27.0,60.0,350.0,133.0,23.0
2012-07-01,57.0,44.0,25,45.0,4.0,7.0,23.0,38.0,797.0,0.0,6.0,13.0,24.0,55.0,411.0,35.0,20.0
2012-08-01,1147.0,87.0,61,54.0,0.0,12.0,19.0,50.0,573.0,2.0,5.0,37.0,41.0,56.0,427.0,21.0,20.0
2012-09-01,238.0,95.0,24,38.0,0.0,4.0,23.0,53.0,639.0,0.0,4.0,31.0,21.0,60.0,427.0,21.0,17.0
2012-10-01,214.0,88.0,32,35.0,3.0,12.0,42.0,41.0,589.0,2.0,0.0,23.0,30.0,47.0,354.0,71.0,5.0
2012-11-01,159.0,182.0,97,11.0,0.0,15.0,43.0,51.0,693.0,0.0,5.0,37.0,29.0,35.0,343.0,36.0,10.0
2012-12-01,299.0,191.0,50,13.0,1.0,0.0,25.0,52.0,636.0,1.0,1.0,37.0,17.0,88.0,486.0,59.0,44.0
2013-01-01,420.0,146.0,44,9.0,0.0,2.0,22.0,42.0,635.0,0.0,2.0,52.0,36.0,67.0,570.0,40.0,4.0
2013-02-01,173.0,171.0,115,15.0,0.0,2.0,39.0,50.0,673.0,5.0,1.0,57.0,32.0,53.0,525.0,44.0,19.0
2013-03-01,222.0,153.0,27,17.0,0.0,1.0,45.0,49.0,1033.0,7.0,2.0,55.0,21.0,16.0,544.0,50.0,19.0
2013-04-01,254.0,107.0,59,22.0,1.0,5.0,25.0,79.0,1100.0,0.0,6.0,88.0,56.0,17.0,433.0,48.0,10.0
2013-05-01,325.0,183.0,26,31.0,2.0,5.0,35.0,89.0,1104.0,1.0,17.0,58.0,37.0,6.0,474.0,65.0,12.0
2013-06-01,366.0,109.0,61,32.0,3.0,6.0,34.0,70.0,2218.0,1.0,19.0,112.0,50.0,65.0,493.0,65.0,12.0
2013-07-01,393.0,96.0,56,1.0,0.0,4.0,44.0,124.0,1843.0,1.0,15.0,54.0,62.0,43.0,526.0,80.0,34.0
2013-08-01,412.0,87.0,62,10.0,0.0,14.0,42.0,177.0,1274.0,2.0,23.0,69.0,38.0,41.0,691.0,64.0,36.0
2013-09-01,381.0,162.0,64,5.0,0.0,11.0,34.0,54.0,943.0,2.0,13.0,36.0,19.0,12.0,510.0,100.0,134.0
2013-10-01,379.0,264.0,27,50.0,0.0,15.0,54.0,46.0,874.0,10.0,26.0,57.0,25.0,40.0,803.0,54.0,57.0
2013-11-01,317.0,96.0,18,5.0,1.0,16.0,21.0,39.0,1041.0,11.0,27.0,74.0,18.0,21.0,747.0,56.0,77.0
2013-12-01,513.0,172.0,15,9.0,4.0,15.0,53.0,126.0,746.0,6.0,25.0,40.0,24.0,96.0,661.0,96.0,60.0
2014-01-01,673.0,355.0,15,38.0,3.0,16.0,76.0,167.0,949.0,4.0,20.0,111.0,35.0,77.0,676.0,62.0,39.0
2014-02-01,342.0,224.0,20,40.0,1.0,7.0,84.0,132.0,1141.0,9.0,37.0,67.0,26.0,20.0,676.0,50.0,95.0
2014-03-01,569.0,266.0,18,31.0,1.0,18.0,47.0,50.0,852.0,5.0,24.0,107.0,15.0,35.0,586.0,116.0,55.0
2014-04-01,621.0,177.0,78,13.0,1.0,17.0,50.0,131.0,715.0,4.0,12.0,65.0,29.0,61.0,755.0,92.0,101.0
2014-05-01,657.0,103.0,100,15.0,3.0,24.0,26.0,63.0,789.0,14.0,73.0,672.0,58.0,106.0,778.0,51.0,80.0
2014-06-01,629.0,211.0,41,2.0,1.0,22.0,117.0,71.0,881.0,15.0,20.0,98.0,26.0,131.0,704.0,85.0,53.0
2014-07-01,810.0,182.0,25,20.0,5.0,8.0,57.0,276.0,897.0,11.0,39.0,114.0,25.0,47.0,970.0,103.0,57.0
2014-08-01,1094.0,144.0,65,31.0,31.0,22.0,115.0,99.0,715.0,9.0,35.0,154.0,32.0,93.0,797.0,101.0,109.0
2014-09-01,474.0,59.0,104,11.0,12.0,21.0,53.0,96.0,541.0,10.0,37.0,75.0,31.0,50.0,607.0,90.0,51.0
2014-10-01,719.0,317.0,46,12.0,6.0,41.0,70.0,305.0,594.0,15.0,68.0,349.0,20.0,39.0,809.0,76.0,48.0
2014-11-01,1202.0,259.0,15,11.0,8.0,24.0,52.0,194.0,542.0,3.0,33.0,120.0,11.0,42.0,662.0,135.0,75.0
2014-12-01,1462.0,1156.0,42,141.0,1.0,16.0,62.0,130.0,490.0,12.0,84.0,341.0,20.0,48.0,767.0,128.0,99.0
2015-01-01,1806.0,230.0,43,23.0,5.0,44.0,42.0,148.0,721.0,22.0,59.0,302.0,23.0,132.0,909.0,276.0,508.0
2015-02-01,1970.0,255.0,104,13.0,8.0,21.0,28.0,106.0,647.0,17.0,41.0,112.0,50.0,113.0,904.0,176.0,97.0
2015-03-01,1412.0,396.0,23,11.0,10.0,27.0,49.0,335.0,578.0,16.0,87.0,156.0,20.0,211.0,1171.0,259.0,101.0
2015-04-01,1223.0,118.0,23,44.0,4.0,22.0,131.0,353.0,703.0,29.0,62.0,251.0,26.0,81.0,1456.0,88.0,87.0
2015-05-01,1784.0,419.0,435,81.0,9.0,27.0,400.0,1081.0,487.0,33.0,79.0,170.0,26.0,90.0,1232.0,193.0,91.0
2015-06-01,1607.0,495.0,73,7.0,12.0,14.0,76.0,212.0,660.0,25.0,96.0,130.0,31.0,105.0,1098.0,171.0,94.0
2015-07-01,2665.0,226.0,1830,33.0,5.0,36.0,259.0,232.0,559.0,27.0,244.0,810.0,33.0,76.0,1457.0,160.0,691.0
2015-08-01,1395.0,179.0,95,49.0,41.0,45.0,72.0,164.0,645.0,21.0,83.0,130.0,42.0,37.0,1113.0,113.0,323.0
2015-09-01,916.0,197.0,24,22.0,17.0,19.0,46.0,187.0,561.0,27.0,84.0,131.0,28.0,115.0,1326.0,377.0,153.0
2015-10-01,1333.0,79.0,586,34.0,128.0,20.0,92.0,128.0,665.0,36.0,86.0,243.0,58.0,223.0,1068.0,112.0,91.0
2015-11-01,773.0,186.0,22,28.0,22.0,30.0,59.0,161.0,925.0,18.0,73.0,468.0,77.0,161.0,1153.0,91.0,133.0
2015-12-01,1393.0,456.0,21,15.0,8.0,22.0,47.0,259.0,602.0,15.0,100.0,181.0,39.0,84.0,1086.0,404.0,200.0
2016-01-01,1026.0,157.0,281,16.0,11.0,28.0,86.0,274.0,532.0,45.0,153.0,191.0,51.0,197.0,1295.0,109.0,118.0
2016-02-01,1416.0,681.0,153,12.0,34.0,62.0,36.0,196.0,655.0,17.0,160.0,295.0,115.0,97.0,1125.0,139.0,127.0
2016-03-01,2804.0,1135.0,91,36.0,22.0,133.0,59.0,231.0,659.0,34.0,220.0,1914.0,185.0,88.0,1669.0,140.0,251.0
2016-04-01,1298.0,180.0,136,13.0,38.0,32.0,61.0,183.0,711.0,26.0,184.0,238.0,149.0,74.0,1828.0,182.0,129.0
2016-05-01,1822.0,359.0,62,12.0,27.0,34.0,80.0,277.0,1052.0,24.0,325.0,251.0,177.0,263.0,1248.0,239.0,176.0
2016-06-01,1854.0,448.0,295,12.0,149.0,14.0,93.0,163.0,836.0,27.0,123.0,247.0,148.0,331.0,1299.0,175.0,137.0
2016-07-01,1358.0,343.0,58,13.0,15.0,19.0,57.0,132.0,579.0,32.0,88.0,310.0,171.0,66.0,1051.0,83.0,162.0
2016-08-01,1786.0,209.0,75,27.0,13.0,27.0,70.0,162.0,810.0,24.0,207.0,171.0,146.0,174.0,1381.0,100.0,245.0
2016-09-01,2262.0,264.0,56,18.0,26.0,113.0,67.0,205.0,673.0,35.0,119.0,245.0,202.0,95.0,1426.0,553.0,133.0
2016-10-01,3100.0,345.0,44,27.0,30.0,64.0,44.0,142.0,954.0,95.0,161.0,635.0,267.0,181.0,1530.0,316.0,98.0
2016-11-01,2723.0,595.0,144,493.0,34.0,61.0,26.0,175.0,861.0,66.0,205.0,361.0,433.0,206.0,1457.0,135.0,77.0
2016-12-01,3008.0,374.0,55,17.0,61.0,36.0,35.0,298.0,791.0,80.0,184.0,260.0,423.0,79.0,2211.0,131.0,117.0
2017-01-01,2591.0,369.0,767,62.0,26.0,43.0,57.0,104.0,652.0,40.0,228.0,401.0,258.0,66.0,1963.0,123.0,99.0
2017-02-01,2086.0,687.0,95,18.0,34.0,97.0,47.0,136.0,731.0,40.0,126.0,260.0,358.0,201.0,1691.0,137.0,286.0
2017-03-01,2910.0,737.0,94,74.0,109.0,23.0,57.0,233.0,830.0,28.0,224.0,889.0,412.0,254.0,1644.0,507.0,133.0
2017-04-01,1575.0,407.0,157,15.0,39.0,54.0,44.0,137.0,854.0,62.0,233.0,278.0,331.0,103.0,2162.0,124.0,141.0
2017-05-01,1985.0,449.0,70,19.0,121.0,25.0,43.0,293.0,678.0,70.0,250.0,418.0,288.0,65.0,1799.0,163.0,333.0
2017-06-01,1902.0,592.0,112,122.0,107.0,34.0,62.0,124.0,816.0,75.0,179.0,293.0,239.0,38.0,1725.0,130.0,105.0
2017-07-01,3463.0,3418.0,66,9.0,114.0,37.0,68.0,324.0,635.0,68.0,573.0,359.0,301.0,75.0,1952.0,228.0,175.0
2017-08-01,2403.0,588.0,79,16.0,53.0,104.0,56.0,180.0,703.0,62.0,215.0,2458.0,346.0,347.0,2368.0,169.0,91.0
2017-09-01,1886.0,388.0,132,10.0,37.0,39.0,69.0,160.0,545.0,41.0,315.0,941.0,419.0,248.0,2159.0,237.0,188.0
2017-10-01,2358.0,489.0,216,11.0,95.0,57.0,109.0,747.0,662.0,45.0,225.0,601.0,355.0,274.0,1967.0,180.0,79.0
2017-11-01,2943.0,369.0,106,30.0,68.0,62.0,73.0,206.0,996.0,53.0,267.0,1764.0,338.0,256.0,1980.0,537.0,80.0
2017-12-01,2044.0,349.0,161,32.0,47.0,53.0,66.0,237.0,746.0,86.0,273.0,596.0,264.0,154.0,2212.0,209.0,53.0
2018-01-01,2276.0,686.0,139,31.0,58.0,111.0,71.0,241.0,763.0,83.0,252.0,324.0,335.0,81.0,2279.0,182.0,46.0
2018-02-01,2757.0,458.0,592,73.0,40.0,85.0,111.0,224.0,597.0,160.0,285.0,361.0,407.0,245.0,2103.0,187.0,37.0
2018-03-01,2645.0,510.0,131,29.0,153.0,100.0,46.0,232.0,1248.0,160.0,321.0,590.0,376.0,164.0,2671.0,420.0,85.0
2018-04-01,2082.0,484.0,99,11.0,48.0,71.0,47.0,239.0,808.0,96.0,411.0,1089.0,384.0,92.0,2039.0,180.0,97.0
2018-05-01,1237.0,536.0,133,19.0,116.0,52.0,93.0,221.0,886.0,60.0,251.0,439.0,381.0,406.0,2446.0,238.0,104.0
2018-06-01,2043.0,530.0,105,104.0,32.0,40.0,67.0,235.0,905.0,51.0,253.0,454.0,387.0,122.0,2182.0,127.0,62.0
2018-07-01,1175.0,590.0,104,20.0,60.0,55.0,106.0,199.0,733.0,49.0,182.0,468.0,413.0,393.0,1872.0,144.0,45.0
2018-08-01,1207.0,196.0,79,9.0,70.0,26.0,222.0,171.0,698.0,24.0,169.0,447.0,337.0,169.0,1935.0,268.0,56.0
2018-09-01,1258.0,355.0,98,135.0,34.0,28.0,50.0,180.0,752.0,87.0,166.0,743.0,287.0,92.0,2492.0,169.0,68.0
2018-10-01,1271.0,575.0,141,11.0,68.0,61.0,156.0,116.0,677.0,31.0,340.0,905.0,341.0,195.0,2151.0,159.0,57.0
2018-11-01,1402.0,342.0,67,11.0,79.0,34.0,41.0,205.0,801.0,38.0,211.0,520.0,263.0,42.0,2374.0,214.0,45.0
2018-12-01,644.0,448.0,128,6.0,52.0,44.0,78.0,168.0,837.0,60.0,282.0,462.0,283.0,366.0,2074.0,251.0,109.0
2019-01-01,1370.0,665.0,107,38.0,107.0,101.0,156.0,150.0,891.0,52.0,371.0,561.0,542.0,32.0,2539.0,241.0,147.0
2019-02-01,2217.0,533.0,431,17.0,22.0,30.0,77.0,222.0,790.0,64.0,284.0,474.0,594.0,43.0,3067.0,579.0,92.0
2019-03-01,1659.0,720.0,92,43.0,51.0,22.0,51.0,231.0,941.0,61.0,203.0,693.0,520.0,60.0,2137.0,203.0,103.0
2019-04-01,1292.0,626.0,145,17.0,26.0,88.0,93.0,368.0,693.0,65.0,276.0,536.0,433.0,211.0,2731.0,149.0,61.0
2019-05-01,1940.0,475.0,356,47.0,102.0,29.0,81.0,232.0,647.0,75.0,232.0,398.0,477.0,82.0,2726.0,213.0,76.0
2019-06-01,1945.0,821.0,107,17.0,34.0,56.0,89.0,329.0,646.0,36.0,202.0,456.0,483.0,62.0,2344.0,208.0,78.0
2019-07-01,1170.0,483.0,186,18.0,18.0,68.0,64.0,224.0,735.0,86.0,227.0,599.0,424.0,117.0,3113.0,169.0,101.0
2019-08-01,855.0,512.0,278,28.0,20.0,31.0,120.0,187.0,620.0,67.0,248.0,595.0,714.0,70.0,2743.0,298.0,91.0
2019-09-01,1011.0,663.0,606,193.0,124.0,68.0,117.0,161.0,479.0,51.0,228.0,455.0,429.0,37.0,2175.0,185.0,214.0
