month,Futurology_automation,technology_automation,science_automation,askscience_automation,gadgets_automation,books_automation,scifi_automation,movies_automation,gaming_automation,television_automation,news_automation,worldnews_automation,politics_automation,philosophy_automation,AskReddit_automation,todayilearned_automation,explainlikeimfive_automation
2007-03-01,,,1,,,,,,,,,,,,,,
2007-04-01,,,0,,,,,,,,,,,,,,
2007-05-01,,,0,,,,,,,,,,,,,,
2007-06-01,,,0,,,,,,,,,,,,,,
2007-07-01,,,2,,,,,,,,,,,,,,
2007-08-01,,,0,,,,,,,,,,3.0,,,,
2007-09-01,,,3,,,,,,,,,,0.0,,,,
2007-10-01,,,0,,1.0,,,,,,,,0.0,,,,
2007-11-01,,,1,,0.0,,,,,,,,5.0,,,,
2007-12-01,,,1,,0.0,,,,,,,,9.0,,,,
2008-01-01,,,1,,0.0,,,,,,,,3.0,,,,
2008-02-01,,,0,,0.0,,,,,,,,1.0,,,,
2008-03-01,,,2,,1.0,,,,1.0,,,1.0,2.0,,,,
2008-04-01,,3.0,0,,0.0,,1.0,,1.0,,,1.0,1.0,,3.0,,
2008-05-01,,1.0,2,,1.0,,1.0,,0.0,,,2.0,0.0,,0.0,,
2008-06-01,,1.0,2,,0.0,,0.0,,0.0,,,1.0,1.0,,0.0,,
2008-07-01,,4.0,7,,0.0,,0.0,,0.0,,,1.0,1.0,,1.0,,
2008-08-01,,4.0,2,,0.0,,1.0,,0.0,,,0.0,2.0,,1.0,,
2008-09-01,,4.0,1,,0.0,,0.0,,0.0,,,2.0,0.0,,1.0,,
2008-10-01,,5.0,2,,0.0,,0.0,,0.0,,,2.0,1.0,,2.0,,
2008-11-01,,7.0,5,,1.0,,0.0,,0.0,,,2.0,3.0,,2.0,,
2008-12-01,,6.0,2,,1.0,,0.0,,0.0,,,1.0,8.0,,4.0,,
2009-01-01,,2.0,1,,0.0,,0.0,,0.0,,,1.0,2.0,,3.0,,
2009-02-01,,6.0,1,,2.0,,0.0,,0.0,,,3.0,11.0,,2.0,,
2009-03-01,,5.0,1,,0.0,,0.0,,0.0,,,4.0,7.0,,9.0,,
2009-04-01,,10.0,8,,0.0,,0.0,,0.0,,,3.0,4.0,,6.0,,
2009-05-01,,4.0,7,,0.0,,1.0,,0.0,,,10.0,3.0,2.0,11.0,,
2009-06-01,,2.0,0,,1.0,,2.0,,5.0,,,0.0,3.0,0.0,7.0,1.0,
2009-07-01,,11.0,2,,0.0,,0.0,,3.0,,1.0,1.0,6.0,0.0,6.0,0.0,
2009-08-01,,6.0,0,,0.0,,0.0,,3.0,,0.0,3.0,4.0,0.0,20.0,1.0,
2009-09-01,,10.0,4,,0.0,,0.0,1.0,1.0,,0.0,1.0,4.0,0.0,18.0,0.0,
2009-10-01,,9.0,7,,0.0,,1.0,0.0,3.0,,0.0,6.0,6.0,0.0,15.0,0.0,
2009-11-01,,4.0,4,,0.0,,0.0,0.0,2.0,,0.0,0.0,14.0,0.0,13.0,0.0,
2009-12-01,,10.0,7,,0.0,,2.0,0.0,5.0,,0.0,5.0,11.0,0.0,15.0,0.0,
2010-01-01,,9.0,6,,0.0,,2.0,0.0,10.0,,0.0,0.0,14.0,0.0,18.0,1.0,
2010-02-01,,9.0,11,,2.0,,0.0,0.0,2.0,,1.0,6.0,7.0,0.0,19.0,0.0,
2010-03-01,,7.0,3,,0.0,,3.0,0.0,4.0,,0.0,7.0,19.0,1.0,20.0,2.0,
2010-04-01,,9.0,1,,0.0,1.0,1.0,0.0,6.0,,1.0,4.0,24.0,1.0,37.0,1.0,
2010-05-01,,4.0,3,,2.0,0.0,0.0,0.0,3.0,,1.0,2.0,27.0,0.0,18.0,1.0,
2010-06-01,,8.0,11,,2.0,0.0,0.0,0.0,3.0,,0.0,1.0,3.0,0.0,29.0,0.0,
2010-07-01,,13.0,7,,5.0,0.0,2.0,1.0,6.0,,2.0,4.0,10.0,0.0,32.0,2.0,
2010-08-01,,10.0,8,,0.0,0.0,1.0,0.0,2.0,1.0,1.0,3.0,17.0,0.0,34.0,0.0,
2010-09-01,,7.0,0,,0.0,0.0,1.0,1.0,13.0,0.0,1.0,17.0,24.0,0.0,43.0,0.0,
2010-10-01,,46.0,9,,4.0,0.0,0.0,0.0,15.0,0.0,0.0,3.0,23.0,1.0,41.0,3.0,
2010-11-01,,12.0,5,1.0,0.0,0.0,0.0,0.0,9.0,0.0,1.0,1.0,17.0,2.0,23.0,1.0,
2010-12-01,,12.0,7,1.0,1.0,2.0,1.0,0.0,7.0,0.0,1.0,3.0,37.0,1.0,23.0,1.0,
2011-01-01,,12.0,30,2.0,5.0,0.0,2.0,0.0,7.0,0.0,1.0,17.0,59.0,0.0,29.0,0.0,
2011-02-01,,10.0,8,2.0,0.0,0.0,0.0,0.0,7.0,0.0,0.0,2.0,45.0,1.0,58.0,2.0,
2011-03-01,,12.0,5,6.0,1.0,0.0,0.0,0.0,7.0,0.0,2.0,10.0,59.0,0.0,45.0,8.0,
2011-04-01,,15.0,4,3.0,5.0,4.0,0.0,0.0,5.0,0.0,2.0,10.0,49.0,0.0,56.0,6.0,
2011-05-01,,18.0,2,3.0,0.0,0.0,2.0,0.0,8.0,0.0,1.0,23.0,35.0,1.0,49.0,2.0,
2011-06-01,,22.0,8,1.0,1.0,0.0,2.0,1.0,7.0,0.0,2.0,18.0,51.0,3.0,50.0,7.0,
2011-07-01,,11.0,7,4.0,5.0,0.0,1.0,0.0,22.0,0.0,5.0,31.0,76.0,3.0,56.0,3.0,2.0
2011-08-01,,8.0,1,0.0,3.0,0.0,4.0,0.0,23.0,0.0,0.0,22.0,59.0,1.0,90.0,7.0,0.0
2011-09-01,,27.0,3,2.0,0.0,0.0,2.0,2.0,10.0,0.0,2.0,34.0,78.0,5.0,40.0,6.0,2.0
2011-10-01,,15.0,4,6.0,0.0,0.0,0.0,0.0,10.0,0.0,4.0,33.0,124.0,0.0,52.0,3.0,1.0
2011-11-01,,40.0,4,8.0,3.0,0.0,1.0,0.0,4.0,0.0,3.0,20.0,81.0,17.0,51.0,22.0,7.0
2011-12-01,,12.0,4,3.0,2.0,0.0,3.0,0.0,4.0,0.0,3.0,20.0,63.0,1.0,39.0,4.0,9.0
2012-01-01,,90.0,5,10.0,0.0,0.0,0.0,1.0,8.0,0.0,1.0,32.0,47.0,0.0,71.0,13.0,2.0
2012-02-01,3.0,10.0,19,3.0,3.0,2.0,2.0,3.0,5.0,0.0,0.0,26.0,43.0,2.0,64.0,15.0,5.0
2012-03-01,3.0,73.0,3,2.0,3.0,1.0,2.0,2.0,7.0,0.0,2.0,10.0,30.0,1.0,58.0,10.0,1.0
2012-04-01,4.0,27.0,6,1.0,1.0,2.0,0.0,0.0,8.0,0.0,3.0,10.0,62.0,0.0,57.0,3.0,5.0
2012-05-01,8.0,21.0,13,4.0,5.0,0.0,2.0,0.0,11.0,0.0,2.0,35.0,50.0,1.0,299.0,5.0,4.0
2012-06-01,2.0,39.0,13,5.0,4.0,0.0,0.0,5.0,9.0,0.0,2.0,21.0,90.0,2.0,132.0,12.0,1.0
2012-07-01,16.0,49.0,7,7.0,1.0,0.0,4.0,4.0,11.0,0.0,5.0,21.0,98.0,0.0,176.0,11.0,2.0
2012-08-01,65.0,93.0,20,4.0,0.0,0.0,3.0,2.0,14.0,0.0,2.0,31.0,57.0,2.0,77.0,20.0,3.0
2012-09-01,35.0,70.0,9,1.0,1.0,0.0,2.0,1.0,6.0,0.0,13.0,33.0,96.0,1.0,72.0,9.0,5.0
2012-10-01,19.0,100.0,10,3.0,2.0,0.0,1.0,2.0,7.0,0.0,3.0,30.0,61.0,1.0,63.0,18.0,5.0
2012-11-01,34.0,71.0,9,6.0,1.0,0.0,0.0,3.0,8.0,0.0,6.0,36.0,177.0,4.0,82.0,10.0,4.0
2012-12-01,48.0,122.0,8,2.0,2.0,1.0,2.0,2.0,10.0,0.0,13.0,20.0,93.0,1.0,106.0,17.0,1.0
2013-01-01,65.0,135.0,13,5.0,2.0,0.0,0.0,2.0,17.0,0.0,9.0,60.0,121.0,1.0,83.0,17.0,24.0
2013-02-01,82.0,183.0,13,2.0,1.0,0.0,5.0,1.0,7.0,0.0,8.0,33.0,213.0,14.0,137.0,30.0,4.0
2013-03-01,91.0,53.0,7,9.0,5.0,0.0,0.0,2.0,7.0,0.0,1.0,33.0,151.0,3.0,132.0,41.0,4.0
2013-04-01,145.0,91.0,13,2.0,5.0,0.0,1.0,3.0,9.0,0.0,4.0,38.0,179.0,0.0,91.0,15.0,8.0
2013-05-01,128.0,70.0,5,1.0,2.0,1.0,2.0,3.0,25.0,0.0,21.0,28.0,199.0,3.0,159.0,15.0,3.0
2013-06-01,190.0,129.0,10,1.0,4.0,1.0,1.0,1.0,22.0,2.0,6.0,37.0,214.0,9.0,114.0,20.0,3.0
2013-07-01,194.0,80.0,6,5.0,2.0,0.0,0.0,2.0,11.0,0.0,32.0,59.0,240.0,1.0,213.0,44.0,20.0
2013-08-01,232.0,204.0,10,7.0,3.0,1.0,2.0,18.0,4.0,0.0,107.0,91.0,363.0,2.0,184.0,26.0,33.0
2013-09-01,292.0,234.0,21,3.0,4.0,0.0,2.0,4.0,8.0,0.0,67.0,69.0,201.0,3.0,87.0,58.0,23.0
2013-10-01,212.0,197.0,7,2.0,5.0,3.0,0.0,2.0,9.0,1.0,111.0,164.0,158.0,2.0,276.0,50.0,32.0
2013-11-01,365.0,176.0,13,4.0,3.0,0.0,5.0,2.0,13.0,1.0,81.0,57.0,193.0,2.0,156.0,40.0,44.0
2013-12-01,255.0,169.0,5,8.0,20.0,2.0,4.0,4.0,13.0,3.0,153.0,149.0,543.0,6.0,686.0,72.0,56.0
2014-01-01,397.0,363.0,3,5.0,20.0,3.0,12.0,1.0,10.0,0.0,73.0,424.0,419.0,1.0,313.0,17.0,90.0
2014-02-01,185.0,106.0,5,7.0,4.0,2.0,2.0,1.0,11.0,0.0,77.0,74.0,201.0,4.0,147.0,57.0,17.0
2014-03-01,469.0,666.0,12,8.0,2.0,5.0,5.0,4.0,10.0,3.0,82.0,69.0,273.0,2.0,267.0,46.0,51.0
2014-04-01,272.0,111.0,8,3.0,1.0,2.0,6.0,5.0,13.0,2.0,55.0,64.0,252.0,2.0,222.0,68.0,29.0
2014-05-01,559.0,117.0,12,3.0,8.0,5.0,3.0,4.0,13.0,1.0,166.0,328.0,360.0,11.0,182.0,39.0,52.0
2014-06-01,403.0,94.0,19,3.0,34.0,2.0,2.0,7.0,14.0,1.0,147.0,138.0,217.0,4.0,199.0,66.0,20.0
2014-07-01,514.0,116.0,5,3.0,27.0,0.0,2.0,3.0,11.0,5.0,131.0,184.0,231.0,2.0,294.0,25.0,31.0
2014-08-01,575.0,96.0,15,10.0,14.0,2.0,5.0,8.0,12.0,2.0,46.0,51.0,177.0,6.0,266.0,120.0,33.0
2014-09-01,416.0,70.0,19,2.0,13.0,2.0,8.0,7.0,4.0,2.0,221.0,105.0,240.0,26.0,239.0,42.0,71.0
2014-10-01,360.0,57.0,7,4.0,13.0,2.0,1.0,2.0,4.0,4.0,117.0,166.0,219.0,98.0,253.0,38.0,71.0
2014-11-01,248.0,84.0,12,4.0,24.0,0.0,0.0,12.0,6.0,2.0,110.0,56.0,125.0,8.0,459.0,109.0,42.0
2014-12-01,588.0,327.0,13,10.0,10.0,3.0,10.0,4.0,4.0,1.0,138.0,108.0,168.0,11.0,347.0,38.0,98.0
2015-01-01,546.0,63.0,16,1.0,20.0,5.0,0.0,7.0,11.0,2.0,150.0,131.0,245.0,18.0,334.0,78.0,62.0
2015-02-01,611.0,59.0,12,0.0,24.0,0.0,0.0,6.0,3.0,3.0,82.0,86.0,93.0,28.0,286.0,62.0,53.0
2015-03-01,665.0,128.0,20,3.0,15.0,2.0,1.0,3.0,7.0,3.0,103.0,116.0,127.0,7.0,316.0,39.0,103.0
2015-04-01,525.0,56.0,7,5.0,13.0,0.0,2.0,3.0,8.0,3.0,122.0,106.0,197.0,3.0,270.0,88.0,57.0
2015-05-01,1012.0,74.0,10,4.0,23.0,17.0,7.0,12.0,9.0,4.0,210.0,110.0,279.0,43.0,622.0,105.0,178.0
2015-06-01,938.0,146.0,15,1.0,22.0,2.0,18.0,15.0,12.0,4.0,142.0,261.0,242.0,19.0,265.0,137.0,70.0
2015-07-01,957.0,111.0,72,1.0,13.0,2.0,15.0,5.0,12.0,0.0,278.0,183.0,423.0,3.0,523.0,33.0,85.0
2015-08-01,712.0,161.0,6,9.0,46.0,7.0,0.0,6.0,26.0,5.0,170.0,179.0,360.0,0.0,525.0,77.0,135.0
2015-09-01,948.0,108.0,17,1.0,52.0,5.0,5.0,6.0,5.0,21.0,255.0,188.0,300.0,4.0,642.0,78.0,57.0
2015-10-01,523.0,82.0,47,4.0,12.0,1.0,10.0,3.0,12.0,7.0,178.0,237.0,315.0,17.0,360.0,53.0,88.0
2015-11-01,600.0,130.0,6,1.0,26.0,1.0,1.0,9.0,18.0,6.0,192.0,231.0,457.0,3.0,360.0,40.0,275.0
2015-12-01,642.0,84.0,7,4.0,15.0,2.0,5.0,13.0,30.0,14.0,176.0,221.0,180.0,5.0,363.0,54.0,99.0
2016-01-01,619.0,167.0,24,2.0,11.0,0.0,4.0,6.0,4.0,0.0,213.0,299.0,370.0,21.0,564.0,90.0,124.0
2016-02-01,1067.0,292.0,182,6.0,8.0,2.0,2.0,5.0,14.0,3.0,264.0,200.0,475.0,7.0,324.0,84.0,174.0
2016-03-01,1106.0,217.0,16,6.0,20.0,4.0,4.0,17.0,12.0,15.0,311.0,534.0,774.0,10.0,686.0,65.0,153.0
2016-04-01,1297.0,257.0,45,7.0,56.0,18.0,3.0,5.0,41.0,15.0,168.0,224.0,756.0,2.0,377.0,78.0,100.0
2016-05-01,1675.0,842.0,22,4.0,26.0,2.0,4.0,4.0,15.0,6.0,722.0,727.0,689.0,25.0,436.0,83.0,152.0
2016-06-01,1386.0,130.0,15,2.0,19.0,5.0,3.0,3.0,10.0,0.0,240.0,378.0,677.0,14.0,576.0,107.0,34.0
2016-07-01,1043.0,208.0,9,1.0,9.0,2.0,1.0,7.0,13.0,5.0,143.0,515.0,763.0,11.0,420.0,75.0,40.0
2016-08-01,1254.0,126.0,6,2.0,14.0,5.0,0.0,8.0,21.0,9.0,456.0,196.0,798.0,3.0,505.0,96.0,75.0
2016-09-01,1407.0,256.0,22,4.0,24.0,4.0,11.0,9.0,14.0,5.0,132.0,392.0,1009.0,5.0,661.0,105.0,125.0
2016-10-01,1167.0,190.0,20,6.0,7.0,8.0,1.0,8.0,15.0,6.0,232.0,359.0,550.0,3.0,453.0,71.0,71.0
2016-11-01,2854.0,1119.0,28,31.0,18.0,5.0,3.0,9.0,26.0,60.0,664.0,713.0,2824.0,12.0,687.0,72.0,72.0
2016-12-01,3743.0,532.0,28,3.0,45.0,9.0,6.0,30.0,16.0,21.0,712.0,632.0,3222.0,1.0,1213.0,209.0,112.0
2017-01-01,2351.0,378.0,33,1.0,21.0,16.0,14.0,16.0,26.0,29.0,1276.0,1250.0,1692.0,5.0,1287.0,112.0,90.0
2017-02-01,2583.0,859.0,36,4.0,35.0,3.0,5.0,18.0,9.0,31.0,492.0,564.0,925.0,48.0,776.0,155.0,759.0
2017-03-01,3014.0,611.0,30,9.0,45.0,7.0,8.0,18.0,20.0,14.0,420.0,440.0,755.0,13.0,936.0,229.0,114.0
2017-04-01,1003.0,190.0,31,6.0,17.0,14.0,4.0,7.0,18.0,14.0,493.0,488.0,764.0,3.0,713.0,103.0,162.0
2017-05-01,1245.0,891.0,173,1.0,8.0,16.0,1.0,11.0,16.0,22.0,412.0,553.0,764.0,11.0,960.0,70.0,238.0
2017-06-01,1487.0,779.0,28,2.0,20.0,15.0,1.0,12.0,24.0,15.0,630.0,548.0,828.0,13.0,916.0,124.0,68.0
2017-07-01,1070.0,449.0,9,3.0,23.0,6.0,22.0,14.0,14.0,14.0,468.0,288.0,744.0,6.0,1205.0,137.0,75.0
2017-08-01,1215.0,211.0,38,6.0,28.0,6.0,2.0,9.0,23.0,19.0,307.0,346.0,653.0,5.0,810.0,70.0,27.0
2017-09-01,1046.0,146.0,25,0.0,14.0,4.0,2.0,4.0,21.0,11.0,588.0,391.0,565.0,88.0,690.0,80.0,296.0
2017-10-01,752.0,151.0,49,9.0,28.0,4.0,4.0,10.0,36.0,16.0,223.0,288.0,384.0,34.0,732.0,76.0,13.0
2017-11-01,744.0,94.0,53,10.0,36.0,9.0,4.0,6.0,33.0,8.0,342.0,444.0,565.0,8.0,664.0,92.0,67.0
2017-12-01,565.0,252.0,14,7.0,28.0,8.0,10.0,18.0,28.0,7.0,323.0,511.0,697.0,7.0,762.0,96.0,25.0
2018-01-01,2637.0,343.0,43,2.0,12.0,13.0,2.0,19.0,13.0,6.0,460.0,461.0,709.0,18.0,918.0,71.0,13.0
2018-02-01,963.0,347.0,17,7.0,9.0,4.0,11.0,10.0,23.0,13.0,337.0,355.0,528.0,37.0,687.0,63.0,15.0
2018-03-01,1286.0,137.0,29,4.0,14.0,11.0,4.0,22.0,12.0,6.0,227.0,399.0,522.0,27.0,1256.0,122.0,37.0
2018-04-01,845.0,184.0,15,5.0,27.0,0.0,3.0,6.0,17.0,12.0,233.0,746.0,634.0,11.0,686.0,92.0,17.0
2018-05-01,798.0,512.0,12,2.0,28.0,14.0,5.0,11.0,32.0,7.0,545.0,482.0,610.0,179.0,604.0,87.0,15.0
2018-06-01,728.0,190.0,19,2.0,14.0,5.0,2.0,8.0,30.0,7.0,433.0,641.0,539.0,105.0,800.0,66.0,23.0
2018-07-01,683.0,181.0,50,3.0,20.0,22.0,3.0,9.0,27.0,4.0,314.0,519.0,652.0,45.0,670.0,67.0,16.0
2018-08-01,217.0,99.0,27,3.0,6.0,6.0,3.0,5.0,19.0,4.0,363.0,402.0,661.0,6.0,668.0,72.0,16.0
2018-09-01,567.0,123.0,14,8.0,2.0,4.0,4.0,15.0,22.0,5.0,202.0,402.0,475.0,8.0,845.0,120.0,22.0
2018-10-01,619.0,325.0,18,3.0,6.0,4.0,10.0,4.0,31.0,4.0,530.0,274.0,446.0,17.0,711.0,79.0,18.0
2018-11-01,477.0,150.0,48,4.0,14.0,3.0,12.0,11.0,21.0,2.0,182.0,409.0,480.0,7.0,534.0,61.0,27.0
2018-12-01,387.0,279.0,29,2.0,7.0,5.0,1.0,5.0,34.0,7.0,197.0,394.0,415.0,5.0,535.0,108.0,34.0
2019-01-01,473.0,421.0,29,6.0,27.0,12.0,4.0,2.0,37.0,3.0,404.0,472.0,631.0,18.0,815.0,79.0,39.0
2019-02-01,488.0,413.0,71,4.0,12.0,2.0,1.0,24.0,57.0,3.0,201.0,434.0,1053.0,2.0,1583.0,90.0,21.0
2019-03-01,1503.0,339.0,26,5.0,10.0,9.0,2.0,9.0,61.0,33.0,328.0,373.0,1521.0,7.0,759.0,126.0,30.0
2019-04-01,693.0,106.0,62,1.0,10.0,17.0,5.0,18.0,24.0,9.0,216.0,446.0,1123.0,25.0,730.0,88.0,39.0
2019-05-01,613.0,691.0,118,3.0,7.0,4.0,4.0,13.0,30.0,14.0,373.0,350.0,855.0,30.0,813.0,104.0,65.0
2019-06-01,393.0,673.0,50,2.0,22.0,15.0,5.0,10.0,35.0,0.0,175.0,396.0,1203.0,20.0,598.0,63.0,24.0
2019-07-01,249.0,294.0,39,1.0,10.0,10.0,3.0,15.0,41.0,45.0,227.0,545.0,924.0,13.0,650.0,60.0,21.0
2019-08-01,843.0,143.0,37,1.0,5.0,12.0,3.0,19.0,42.0,10.0,383.0,500.0,2630.0,11.0,671.0,104.0,20.0
2019-09-01,390.0,142.0,114,13.0,24.0,3.0,,11.0,21.0,7.0,233.0,226.0,1300.0,2.0,646.0,62.0,18.0
