month,Futurology_bigdata,technology_bigdata,science_bigdata,askscience_bigdata,gadgets_bigdata,books_bigdata,scifi_bigdata,movies_bigdata,gaming_bigdata,television_bigdata,news_bigdata,worldnews_bigdata,politics_bigdata,philosophy_bigdata,AskReddit_bigdata,todayilearned_bigdata,explainlikeimfive_bigdata
2007-01-01,,,2,,,,,,,,,,,,,,
2007-02-01,,,1,,,,,,,,,,,,,,
2007-03-01,,,1,,,,,,,,,,,,,,
2007-04-01,,,2,,,,,,,,,,,,,,
2007-05-01,,,1,,,,,,,,,,,,,,
2007-06-01,,,0,,,,,,,,,,,,,,
2007-07-01,,,1,,,,,,,,,,,,,,
2007-08-01,,,1,,,,,,,,,,3.0,,,,
2007-09-01,,,0,,,,,,,,,,9.0,,,,
2007-10-01,,,3,,,,,,,,,,9.0,,,,
2007-11-01,,,8,,,,,,,,,,13.0,,,,
2007-12-01,,,5,,,,,,,,,,12.0,,,,
2008-01-01,,,2,,,,,,1.0,,,,16.0,,,,
2008-02-01,,,6,,,,,,0.0,,,,15.0,,,,
2008-03-01,,,6,,,,,,1.0,,,,5.0,,,,
2008-04-01,,1.0,8,,1.0,,,,3.0,,,4.0,6.0,,,,
2008-05-01,,14.0,15,,2.0,,,,0.0,,,6.0,6.0,2.0,,,
2008-06-01,,20.0,10,,0.0,,,,1.0,,,4.0,9.0,1.0,6.0,,
2008-07-01,,22.0,17,,1.0,,,,0.0,,,6.0,4.0,1.0,4.0,,
2008-08-01,,8.0,7,,2.0,,,,0.0,,,1.0,9.0,0.0,1.0,,
2008-09-01,,14.0,10,,2.0,,,,0.0,,,1.0,14.0,0.0,1.0,,
2008-10-01,,14.0,11,,0.0,,,,1.0,,1.0,4.0,20.0,0.0,8.0,,
2008-11-01,,10.0,14,,0.0,,,1.0,2.0,,1.0,7.0,16.0,1.0,1.0,,
2008-12-01,,22.0,10,,0.0,,,0.0,2.0,,0.0,2.0,8.0,0.0,4.0,,
2009-01-01,,15.0,12,,0.0,,,0.0,2.0,,1.0,4.0,7.0,0.0,5.0,,
2009-02-01,,19.0,9,,0.0,,,0.0,2.0,,0.0,6.0,23.0,1.0,12.0,,
2009-03-01,,25.0,12,,1.0,,,0.0,7.0,,0.0,3.0,8.0,0.0,5.0,,
2009-04-01,,15.0,13,,1.0,,,0.0,4.0,,2.0,4.0,4.0,2.0,7.0,,
2009-05-01,,17.0,10,,4.0,,,0.0,3.0,,0.0,6.0,10.0,1.0,31.0,,
2009-06-01,,13.0,15,,1.0,,1.0,0.0,5.0,,0.0,10.0,10.0,1.0,21.0,,
2009-07-01,,20.0,21,,0.0,,0.0,0.0,2.0,,0.0,8.0,18.0,0.0,17.0,1.0,
2009-08-01,,12.0,20,,0.0,1.0,1.0,0.0,6.0,,2.0,12.0,19.0,1.0,24.0,1.0,
2009-09-01,,18.0,28,,0.0,0.0,3.0,0.0,5.0,,1.0,7.0,18.0,1.0,43.0,1.0,
2009-10-01,,28.0,28,,0.0,0.0,0.0,0.0,1.0,,1.0,7.0,18.0,3.0,42.0,1.0,
2009-11-01,,20.0,52,,2.0,1.0,1.0,1.0,9.0,,3.0,12.0,24.0,2.0,37.0,1.0,
2009-12-01,,24.0,49,,2.0,0.0,0.0,0.0,6.0,,2.0,12.0,30.0,3.0,39.0,2.0,
2010-01-01,,21.0,32,,5.0,1.0,1.0,0.0,8.0,,3.0,9.0,24.0,4.0,47.0,1.0,
2010-02-01,,27.0,59,,3.0,0.0,0.0,0.0,10.0,,2.0,6.0,34.0,2.0,49.0,0.0,
2010-03-01,,16.0,44,,5.0,0.0,1.0,0.0,26.0,,1.0,11.0,30.0,0.0,52.0,3.0,
2010-04-01,,19.0,33,1.0,2.0,0.0,2.0,0.0,11.0,,1.0,13.0,39.0,0.0,43.0,2.0,
2010-05-01,,31.0,21,0.0,2.0,0.0,3.0,0.0,17.0,,2.0,8.0,24.0,1.0,48.0,1.0,
2010-06-01,,32.0,29,1.0,4.0,1.0,3.0,1.0,12.0,,1.0,10.0,21.0,6.0,49.0,2.0,
2010-07-01,,36.0,39,7.0,4.0,0.0,0.0,1.0,15.0,,2.0,10.0,52.0,3.0,59.0,3.0,
2010-08-01,,34.0,41,3.0,3.0,0.0,3.0,0.0,10.0,,1.0,5.0,43.0,6.0,59.0,1.0,
2010-09-01,,35.0,27,2.0,1.0,0.0,1.0,1.0,11.0,,0.0,5.0,50.0,3.0,58.0,0.0,
2010-10-01,,27.0,30,3.0,4.0,1.0,1.0,0.0,17.0,,3.0,5.0,38.0,8.0,46.0,4.0,
2010-11-01,,31.0,35,6.0,3.0,0.0,0.0,2.0,24.0,1.0,1.0,17.0,53.0,0.0,67.0,6.0,
2010-12-01,,48.0,30,8.0,3.0,0.0,3.0,0.0,12.0,0.0,6.0,24.0,75.0,4.0,75.0,3.0,
2011-01-01,,48.0,48,25.0,3.0,0.0,3.0,2.0,23.0,0.0,4.0,30.0,35.0,2.0,79.0,2.0,
2011-02-01,,47.0,26,42.0,3.0,2.0,0.0,0.0,23.0,0.0,4.0,11.0,49.0,5.0,77.0,8.0,
2011-03-01,,50.0,33,34.0,7.0,1.0,2.0,1.0,20.0,0.0,2.0,26.0,58.0,4.0,89.0,4.0,
2011-04-01,,43.0,16,29.0,2.0,1.0,3.0,2.0,37.0,0.0,2.0,15.0,53.0,8.0,96.0,11.0,
2011-05-01,,51.0,36,26.0,2.0,3.0,2.0,2.0,34.0,0.0,2.0,25.0,61.0,6.0,99.0,18.0,
2011-06-01,,56.0,25,29.0,6.0,2.0,1.0,0.0,60.0,0.0,3.0,24.0,74.0,5.0,95.0,16.0,
2011-07-01,,70.0,12,39.0,5.0,1.0,2.0,1.0,35.0,0.0,3.0,19.0,81.0,2.0,84.0,12.0,23.0
2011-08-01,,40.0,36,35.0,3.0,2.0,2.0,0.0,60.0,1.0,8.0,26.0,84.0,4.0,74.0,13.0,57.0
2011-09-01,,33.0,22,29.0,6.0,2.0,2.0,1.0,27.0,0.0,1.0,19.0,71.0,4.0,99.0,23.0,41.0
2011-10-01,,46.0,20,56.0,5.0,0.0,2.0,2.0,40.0,0.0,7.0,17.0,74.0,3.0,89.0,10.0,35.0
2011-11-01,,63.0,28,44.0,5.0,3.0,1.0,1.0,42.0,0.0,2.0,30.0,61.0,1.0,88.0,12.0,26.0
2011-12-01,,44.0,33,46.0,9.0,2.0,4.0,1.0,17.0,0.0,1.0,26.0,73.0,5.0,91.0,15.0,29.0
2012-01-01,,74.0,35,32.0,4.0,4.0,2.0,1.0,38.0,0.0,0.0,45.0,81.0,10.0,85.0,8.0,32.0
2012-02-01,,95.0,30,55.0,6.0,2.0,4.0,5.0,31.0,3.0,5.0,27.0,86.0,4.0,134.0,25.0,32.0
2012-03-01,,93.0,34,40.0,2.0,2.0,1.0,4.0,41.0,0.0,9.0,36.0,83.0,11.0,90.0,25.0,31.0
2012-04-01,,117.0,38,37.0,1.0,1.0,2.0,1.0,31.0,0.0,4.0,26.0,107.0,11.0,123.0,16.0,19.0
2012-05-01,,107.0,23,52.0,1.0,0.0,3.0,2.0,42.0,0.0,6.0,38.0,95.0,10.0,139.0,30.0,37.0
2012-06-01,2.0,139.0,34,40.0,4.0,2.0,2.0,3.0,36.0,2.0,2.0,28.0,108.0,12.0,123.0,25.0,36.0
2012-07-01,4.0,129.0,33,45.0,3.0,1.0,2.0,1.0,33.0,0.0,12.0,28.0,115.0,5.0,127.0,30.0,50.0
2012-08-01,8.0,162.0,45,47.0,1.0,1.0,2.0,3.0,24.0,0.0,20.0,31.0,130.0,3.0,126.0,25.0,61.0
2012-09-01,7.0,170.0,52,46.0,6.0,1.0,1.0,5.0,27.0,1.0,7.0,28.0,119.0,16.0,99.0,36.0,54.0
2012-10-01,5.0,153.0,36,38.0,6.0,0.0,3.0,0.0,41.0,0.0,3.0,31.0,148.0,7.0,165.0,29.0,45.0
2012-11-01,10.0,102.0,56,37.0,5.0,0.0,1.0,2.0,31.0,2.0,7.0,33.0,141.0,6.0,129.0,20.0,36.0
2012-12-01,18.0,139.0,34,40.0,1.0,1.0,0.0,7.0,20.0,0.0,13.0,44.0,124.0,5.0,149.0,29.0,45.0
2013-01-01,9.0,184.0,47,33.0,4.0,3.0,2.0,7.0,35.0,0.0,11.0,62.0,136.0,8.0,143.0,31.0,53.0
2013-02-01,9.0,194.0,40,34.0,2.0,1.0,3.0,7.0,34.0,2.0,9.0,32.0,126.0,3.0,138.0,45.0,51.0
2013-03-01,19.0,225.0,43,42.0,2.0,2.0,3.0,4.0,46.0,2.0,9.0,46.0,114.0,7.0,137.0,63.0,45.0
2013-04-01,20.0,173.0,50,32.0,7.0,0.0,3.0,6.0,32.0,0.0,24.0,47.0,122.0,5.0,138.0,43.0,63.0
2013-05-01,32.0,170.0,51,41.0,2.0,3.0,6.0,14.0,96.0,0.0,31.0,37.0,139.0,7.0,179.0,41.0,47.0
2013-06-01,31.0,388.0,53,26.0,3.0,2.0,3.0,5.0,238.0,0.0,107.0,217.0,406.0,10.0,170.0,48.0,75.0
2013-07-01,18.0,247.0,39,27.0,4.0,2.0,0.0,7.0,39.0,1.0,79.0,149.0,237.0,3.0,202.0,46.0,100.0
2013-08-01,23.0,237.0,46,47.0,6.0,8.0,0.0,14.0,33.0,1.0,72.0,122.0,215.0,8.0,319.0,41.0,101.0
2013-09-01,36.0,249.0,73,34.0,4.0,2.0,9.0,9.0,33.0,2.0,55.0,114.0,135.0,6.0,188.0,48.0,92.0
2013-10-01,29.0,196.0,43,30.0,0.0,7.0,1.0,9.0,36.0,2.0,43.0,126.0,126.0,4.0,176.0,57.0,117.0
2013-11-01,35.0,188.0,45,24.0,6.0,4.0,6.0,6.0,55.0,4.0,63.0,107.0,82.0,4.0,155.0,60.0,119.0
2013-12-01,22.0,209.0,43,39.0,4.0,10.0,3.0,3.0,23.0,2.0,83.0,169.0,124.0,15.0,174.0,56.0,81.0
2014-01-01,19.0,274.0,31,38.0,6.0,6.0,2.0,4.0,26.0,2.0,89.0,147.0,137.0,3.0,231.0,60.0,111.0
2014-02-01,28.0,238.0,61,61.0,5.0,2.0,2.0,9.0,32.0,3.0,66.0,80.0,107.0,8.0,160.0,35.0,151.0
2014-03-01,34.0,291.0,57,45.0,6.0,5.0,0.0,4.0,39.0,13.0,128.0,135.0,90.0,6.0,175.0,59.0,145.0
2014-04-01,18.0,224.0,86,34.0,2.0,8.0,3.0,10.0,32.0,7.0,73.0,108.0,103.0,3.0,202.0,62.0,94.0
2014-05-01,58.0,171.0,45,37.0,6.0,3.0,1.0,6.0,34.0,10.0,78.0,115.0,121.0,17.0,178.0,55.0,106.0
2014-06-01,39.0,206.0,41,41.0,13.0,8.0,1.0,9.0,31.0,5.0,115.0,113.0,62.0,18.0,183.0,77.0,93.0
2014-07-01,63.0,196.0,21,39.0,13.0,9.0,1.0,5.0,19.0,9.0,82.0,192.0,109.0,7.0,286.0,47.0,143.0
2014-08-01,56.0,175.0,31,31.0,9.0,10.0,2.0,10.0,39.0,2.0,84.0,90.0,74.0,10.0,211.0,61.0,108.0
2014-09-01,43.0,189.0,54,23.0,12.0,5.0,3.0,2.0,13.0,2.0,93.0,91.0,59.0,7.0,174.0,43.0,116.0
2014-10-01,36.0,167.0,47,31.0,9.0,21.0,1.0,8.0,12.0,2.0,102.0,86.0,91.0,7.0,210.0,49.0,121.0
2014-11-01,59.0,209.0,43,32.0,9.0,10.0,0.0,42.0,30.0,5.0,91.0,97.0,93.0,2.0,246.0,46.0,131.0
2014-12-01,86.0,185.0,40,38.0,4.0,6.0,3.0,27.0,25.0,8.0,127.0,114.0,82.0,10.0,196.0,58.0,137.0
2015-01-01,42.0,189.0,77,28.0,19.0,7.0,2.0,10.0,14.0,3.0,91.0,118.0,93.0,9.0,201.0,79.0,170.0
2015-02-01,61.0,182.0,69,33.0,12.0,7.0,2.0,6.0,19.0,15.0,122.0,90.0,90.0,10.0,170.0,72.0,147.0
2015-03-01,74.0,254.0,29,28.0,15.0,13.0,9.0,10.0,30.0,1.0,107.0,117.0,96.0,8.0,183.0,101.0,124.0
2015-04-01,47.0,191.0,46,34.0,12.0,10.0,4.0,11.0,51.0,4.0,120.0,100.0,64.0,12.0,244.0,46.0,109.0
2015-05-01,84.0,151.0,70,35.0,12.0,6.0,1.0,10.0,12.0,7.0,104.0,111.0,83.0,9.0,304.0,65.0,150.0
2015-06-01,70.0,146.0,36,23.0,11.0,8.0,2.0,15.0,25.0,8.0,119.0,117.0,92.0,8.0,200.0,49.0,153.0
2015-07-01,83.0,184.0,50,45.0,27.0,9.0,0.0,11.0,12.0,8.0,104.0,109.0,128.0,15.0,274.0,50.0,147.0
2015-08-01,36.0,210.0,55,38.0,17.0,4.0,2.0,12.0,24.0,7.0,141.0,126.0,114.0,7.0,205.0,53.0,113.0
2015-09-01,65.0,191.0,44,30.0,11.0,8.0,1.0,12.0,15.0,18.0,105.0,87.0,140.0,11.0,218.0,70.0,144.0
2015-10-01,85.0,285.0,58,28.0,11.0,4.0,2.0,12.0,25.0,10.0,179.0,151.0,179.0,14.0,219.0,75.0,142.0
2015-11-01,71.0,277.0,74,23.0,9.0,3.0,3.0,14.0,29.0,31.0,137.0,115.0,145.0,8.0,242.0,54.0,123.0
2015-12-01,73.0,267.0,45,24.0,20.0,12.0,3.0,27.0,29.0,5.0,163.0,111.0,310.0,1.0,254.0,62.0,164.0
2016-01-01,72.0,217.0,46,28.0,17.0,7.0,2.0,37.0,25.0,17.0,152.0,123.0,226.0,14.0,280.0,63.0,173.0
2016-02-01,101.0,246.0,28,25.0,21.0,5.0,2.0,17.0,15.0,13.0,147.0,114.0,329.0,6.0,197.0,50.0,127.0
2016-03-01,98.0,187.0,42,24.0,13.0,10.0,2.0,21.0,15.0,24.0,127.0,117.0,395.0,17.0,262.0,67.0,79.0
2016-04-01,67.0,212.0,112,18.0,21.0,7.0,1.0,33.0,29.0,10.0,171.0,158.0,336.0,2.0,224.0,65.0,119.0
2016-05-01,74.0,186.0,49,29.0,10.0,6.0,6.0,21.0,20.0,11.0,149.0,142.0,308.0,10.0,242.0,68.0,110.0
2016-06-01,74.0,172.0,32,19.0,14.0,4.0,2.0,12.0,25.0,13.0,99.0,112.0,312.0,10.0,275.0,56.0,90.0
2016-07-01,67.0,185.0,60,27.0,21.0,11.0,0.0,30.0,30.0,6.0,130.0,160.0,324.0,10.0,305.0,77.0,96.0
2016-08-01,84.0,141.0,42,21.0,10.0,12.0,1.0,19.0,41.0,6.0,103.0,151.0,286.0,19.0,364.0,53.0,106.0
2016-09-01,97.0,146.0,47,19.0,16.0,15.0,2.0,10.0,18.0,12.0,163.0,134.0,359.0,7.0,263.0,48.0,122.0
2016-10-01,92.0,190.0,39,20.0,15.0,8.0,0.0,10.0,19.0,12.0,97.0,144.0,330.0,5.0,254.0,56.0,104.0
2016-11-01,91.0,136.0,41,32.0,13.0,5.0,0.0,16.0,23.0,17.0,85.0,125.0,453.0,8.0,267.0,63.0,96.0
2016-12-01,122.0,190.0,53,23.0,8.0,7.0,7.0,22.0,35.0,17.0,142.0,202.0,369.0,8.0,375.0,48.0,139.0
2017-01-01,100.0,171.0,61,27.0,24.0,13.0,3.0,27.0,23.0,7.0,153.0,223.0,417.0,5.0,294.0,52.0,147.0
2017-02-01,71.0,165.0,65,17.0,16.0,13.0,3.0,9.0,22.0,21.0,126.0,196.0,334.0,11.0,241.0,46.0,149.0
2017-03-01,127.0,319.0,48,24.0,16.0,11.0,0.0,36.0,30.0,11.0,198.0,180.0,420.0,14.0,293.0,38.0,141.0
2017-04-01,66.0,206.0,54,29.0,17.0,13.0,7.0,17.0,18.0,11.0,131.0,153.0,301.0,6.0,303.0,74.0,102.0
2017-05-01,128.0,168.0,40,22.0,5.0,14.0,2.0,20.0,24.0,32.0,157.0,232.0,279.0,5.0,331.0,66.0,121.0
2017-06-01,113.0,208.0,46,25.0,11.0,9.0,1.0,18.0,17.0,20.0,217.0,212.0,324.0,6.0,279.0,53.0,75.0
2017-07-01,102.0,148.0,43,5.0,27.0,7.0,2.0,21.0,31.0,21.0,169.0,172.0,306.0,1.0,366.0,66.0,103.0
2017-08-01,73.0,180.0,39,19.0,19.0,9.0,3.0,65.0,21.0,21.0,130.0,154.0,313.0,7.0,365.0,45.0,59.0
2017-09-01,91.0,216.0,58,27.0,19.0,8.0,2.0,18.0,15.0,22.0,177.0,152.0,296.0,8.0,274.0,66.0,66.0
2017-10-01,75.0,159.0,68,22.0,24.0,10.0,4.0,33.0,34.0,21.0,134.0,177.0,288.0,5.0,287.0,41.0,98.0
2017-11-01,107.0,205.0,69,48.0,20.0,13.0,1.0,20.0,82.0,20.0,171.0,201.0,291.0,5.0,325.0,43.0,61.0
2017-12-01,100.0,180.0,57,26.0,18.0,14.0,3.0,26.0,38.0,10.0,144.0,192.0,284.0,8.0,451.0,51.0,53.0
2018-01-01,83.0,205.0,43,19.0,13.0,12.0,3.0,26.0,37.0,13.0,142.0,153.0,289.0,2.0,443.0,55.0,49.0
2018-02-01,94.0,167.0,61,34.0,17.0,12.0,2.0,19.0,36.0,13.0,174.0,194.0,324.0,15.0,316.0,57.0,50.0
2018-03-01,89.0,302.0,49,29.0,34.0,10.0,3.0,37.0,37.0,16.0,309.0,579.0,664.0,12.0,454.0,56.0,65.0
2018-04-01,93.0,285.0,47,16.0,11.0,8.0,0.0,26.0,28.0,19.0,226.0,345.0,360.0,9.0,347.0,62.0,52.0
2018-05-01,89.0,224.0,17,12.0,17.0,16.0,1.0,33.0,38.0,19.0,171.0,261.0,287.0,6.0,362.0,81.0,41.0
2018-06-01,55.0,160.0,40,23.0,16.0,12.0,0.0,20.0,30.0,9.0,160.0,211.0,287.0,8.0,353.0,40.0,48.0
2018-07-01,62.0,140.0,41,21.0,13.0,8.0,3.0,37.0,22.0,7.0,144.0,223.0,329.0,19.0,313.0,46.0,39.0
2018-08-01,65.0,172.0,63,13.0,31.0,5.0,4.0,20.0,28.0,17.0,145.0,223.0,244.0,6.0,407.0,54.0,62.0
2018-09-01,75.0,169.0,36,9.0,17.0,2.0,2.0,23.0,28.0,7.0,86.0,187.0,190.0,22.0,372.0,57.0,50.0
2018-10-01,82.0,252.0,24,23.0,22.0,8.0,1.0,11.0,25.0,10.0,101.0,203.0,262.0,8.0,325.0,49.0,60.0
2018-11-01,92.0,175.0,48,14.0,21.0,4.0,6.0,13.0,38.0,9.0,123.0,218.0,284.0,6.0,298.0,46.0,51.0
2018-12-01,62.0,188.0,38,19.0,18.0,4.0,0.0,21.0,44.0,24.0,136.0,249.0,218.0,12.0,344.0,50.0,73.0
2019-01-01,81.0,220.0,40,22.0,31.0,9.0,1.0,22.0,20.0,9.0,168.0,283.0,409.0,6.0,371.0,67.0,80.0
2019-02-01,48.0,177.0,52,19.0,2.0,5.0,2.0,11.0,26.0,7.0,117.0,200.0,336.0,3.0,368.0,61.0,82.0
2019-03-01,59.0,263.0,33,22.0,16.0,5.0,0.0,18.0,71.0,19.0,117.0,272.0,411.0,3.0,279.0,47.0,75.0
2019-04-01,80.0,154.0,54,43.0,13.0,3.0,1.0,19.0,100.0,8.0,104.0,242.0,297.0,7.0,326.0,47.0,58.0
2019-05-01,84.0,199.0,81,23.0,27.0,4.0,1.0,11.0,38.0,9.0,97.0,220.0,249.0,4.0,353.0,44.0,64.0
2019-06-01,68.0,159.0,43,18.0,40.0,15.0,2.0,17.0,49.0,13.0,105.0,157.0,265.0,3.0,290.0,50.0,55.0
2019-07-01,99.0,219.0,46,28.0,12.0,9.0,2.0,29.0,25.0,13.0,106.0,267.0,302.0,10.0,301.0,40.0,47.0
2019-08-01,57.0,157.0,70,23.0,17.0,8.0,1.0,16.0,44.0,14.0,121.0,256.0,366.0,5.0,422.0,64.0,84.0
2019-09-01,82.0,139.0,56,28.0,18.0,9.0,6.0,15.0,19.0,16.0,122.0,177.0,250.0,5.0,310.0,56.0,63.0
