month,Futurology_,technology_,science_,askscience_,gadgets_,books_,scifi_,movies_,gaming_,television_,news_,worldnews_,politics_,philosophy_,AskReddit_,todayilearned_,explainlikeimfive_
2006-10-01,,,562,,,,,,,,,,,,,,
2006-11-01,,,1798,,,,,,,,,,,,,,
2006-12-01,,,1848,,,,,,,,,,,,,,
2007-01-01,,,2018,,,,,,,,,,,,,,
2007-02-01,,,2605,,,,,,,,,,,,,,
2007-03-01,,,3946,,,,,,,,,,,,,,
2007-04-01,,,3588,,,,,,,,,,,,,,
2007-05-01,,,4817,,,,,,,,,,,,,,
2007-06-01,,,4351,,,,,,,,,,,,,,
2007-07-01,,,5039,,,,,,,,,,,,,,
2007-08-01,,,6520,,,,,,,,,,18816.0,,,,
2007-09-01,,,6338,,173.0,,,,559.0,,,,35566.0,,,,
2007-10-01,,,12404,,473.0,,,,1048.0,,,,57280.0,,,,
2007-11-01,,,17082,,1033.0,,,,1780.0,,,,88473.0,,,,
2007-12-01,,,15996,,929.0,,,,1915.0,,,,112025.0,,,,
2008-01-01,,10.0,18611,,1571.0,5.0,,1.0,2376.0,,,11.0,144953.0,25.0,144.0,,
2008-02-01,,1563.0,16635,,1181.0,28.0,25.0,9.0,3972.0,1.0,11.0,1399.0,109893.0,113.0,859.0,,
2008-03-01,,2645.0,22874,,1714.0,71.0,254.0,11.0,9313.0,0.0,95.0,12725.0,83375.0,548.0,1133.0,,
2008-04-01,,9460.0,31727,,2253.0,120.0,508.0,56.0,10156.0,4.0,171.0,28143.0,64532.0,926.0,4738.0,,
2008-05-01,,21807.0,35560,,1864.0,45.0,1444.0,74.0,8085.0,7.0,342.0,33351.0,74204.0,670.0,6154.0,,
2008-06-01,,27461.0,30926,,2895.0,428.0,946.0,249.0,11242.0,2.0,906.0,37939.0,74453.0,1162.0,14123.0,,
2008-07-01,,25020.0,27827,,2886.0,105.0,1603.0,387.0,13162.0,5.0,1644.0,38002.0,69812.0,1645.0,16598.0,,
2008-08-01,,24150.0,28513,,2661.0,154.0,1601.0,554.0,11256.0,19.0,1904.0,38207.0,76559.0,1218.0,18919.0,,
2008-09-01,,24122.0,28465,,3062.0,306.0,1596.0,668.0,14328.0,18.0,2478.0,32215.0,122194.0,1347.0,23719.0,,
2008-10-01,,27441.0,28881,,3009.0,248.0,1512.0,1011.0,15908.0,2.0,2371.0,28605.0,143675.0,2033.0,30723.0,,
2008-11-01,,25549.0,30051,,3728.0,779.0,2333.0,1116.0,18350.0,12.0,2698.0,39885.0,105362.0,1783.0,34824.0,,
2008-12-01,,33362.0,33725,,2912.0,1009.0,1468.0,1686.0,19372.0,14.0,3656.0,42641.0,67176.0,3008.0,62211.0,16.0,
2009-01-01,,36402.0,33965,,3659.0,1206.0,2677.0,2684.0,24190.0,13.0,4571.0,76578.0,86497.0,5069.0,82261.0,164.0,
2009-02-01,,34813.0,35830,,2680.0,715.0,4197.0,2509.0,28259.0,33.0,4310.0,51263.0,77855.0,5622.0,82020.0,82.0,
2009-03-01,,41427.0,38766,,3184.0,1279.0,5994.0,2791.0,25175.0,36.0,4690.0,48053.0,82233.0,5899.0,99029.0,145.0,
2009-04-01,,35053.0,37402,,3686.0,2514.0,4869.0,2965.0,26780.0,89.0,4960.0,47842.0,80227.0,5253.0,130235.0,1427.0,
2009-05-01,,30338.0,48005,,3910.0,1888.0,6964.0,4319.0,37209.0,40.0,5251.0,40552.0,83222.0,4495.0,172018.0,1847.0,
2009-06-01,,36784.0,45010,,3178.0,2659.0,6256.0,6975.0,52555.0,49.0,5353.0,53478.0,92414.0,7113.0,146015.0,2536.0,
2009-07-01,,47160.0,50523,,4324.0,2736.0,7421.0,7431.0,55863.0,105.0,6622.0,56581.0,103521.0,6839.0,176685.0,4856.0,
2009-08-01,,41448.0,47318,,3140.0,3146.0,9648.0,7758.0,56228.0,171.0,6840.0,46669.0,124178.0,5442.0,304714.0,7694.0,
2009-09-01,,40131.0,48308,,871.0,6416.0,9038.0,9554.0,62924.0,103.0,8675.0,47916.0,144365.0,5435.0,365304.0,10794.0,
2009-10-01,,35666.0,61393,,3126.0,4297.0,11765.0,10193.0,73257.0,220.0,9195.0,55218.0,114215.0,7560.0,450514.0,11056.0,
2009-11-01,,30767.0,57572,,3305.0,4856.0,9897.0,11664.0,103623.0,380.0,8482.0,52686.0,123988.0,6924.0,498084.0,11344.0,
2009-12-01,,37210.0,67477,,3164.0,5866.0,10820.0,17632.0,112187.0,421.0,7497.0,67205.0,129555.0,6430.0,558862.0,13601.0,
2010-01-01,,49710.0,70028,,5144.0,10290.0,13696.0,16894.0,113877.0,386.0,8453.0,65451.0,146922.0,9150.0,623825.0,16097.0,
2010-02-01,,38071.0,72123,,3886.0,7250.0,10153.0,16259.0,117687.0,356.0,7989.0,56169.0,133735.0,6845.0,571983.0,18063.0,
2010-03-01,,40235.0,71926,,5388.0,9722.0,14025.0,22329.0,150672.0,268.0,8739.0,69017.0,184497.0,6075.0,680055.0,25399.0,
2010-04-01,,47184.0,59806,910.0,5248.0,10874.0,12651.0,16041.0,137959.0,446.0,8153.0,66465.0,172075.0,6531.0,609568.0,24499.0,
2010-05-01,,41477.0,61970,851.0,5169.0,7502.0,13561.0,15360.0,137873.0,860.0,8844.0,69726.0,153493.0,5941.0,618301.0,21011.0,
2010-06-01,,44775.0,66993,1342.0,5539.0,11960.0,12320.0,16688.0,158023.0,705.0,10553.0,79911.0,170725.0,5719.0,686219.0,24337.0,
2010-07-01,,45639.0,57789,1661.0,7406.0,14898.0,15505.0,30271.0,173494.0,1322.0,12225.0,66751.0,155433.0,9561.0,839395.0,28763.0,
2010-08-01,,42287.0,56885,2472.0,7608.0,13650.0,10927.0,28322.0,156839.0,988.0,12914.0,65546.0,166897.0,8090.0,856959.0,30985.0,
2010-09-01,,46624.0,60170,3843.0,8205.0,12679.0,14390.0,25372.0,171555.0,1266.0,14647.0,62576.0,206643.0,9636.0,780008.0,37466.0,
2010-10-01,,45742.0,62801,6036.0,7904.0,13746.0,14522.0,28638.0,203424.0,1517.0,17454.0,67291.0,210480.0,10718.0,810680.0,44529.0,
2010-11-01,,47641.0,66700,7166.0,8323.0,18313.0,17821.0,32193.0,244828.0,1990.0,15476.0,80233.0,243931.0,9668.0,875973.0,47765.0,
2010-12-01,,50166.0,65538,7001.0,9832.0,21895.0,20321.0,34370.0,287402.0,1950.0,17082.0,93829.0,225594.0,12437.0,868018.0,49672.0,
2011-01-01,,57794.0,74373,16525.0,9341.0,15823.0,20592.0,41259.0,282692.0,2262.0,19297.0,99724.0,249219.0,10257.0,951069.0,55756.0,
2011-02-01,,52585.0,46349,25366.0,9281.0,16143.0,15183.0,37100.0,246901.0,1897.0,14559.0,104611.0,254932.0,9604.0,962096.0,68882.0,
2011-03-01,,53487.0,45315,33452.0,6951.0,24300.0,14221.0,32956.0,296778.0,2166.0,17500.0,153477.0,316521.0,11249.0,1187170.0,97398.0,
2011-04-01,,41963.0,41159,32456.0,5934.0,23760.0,13504.0,31651.0,328187.0,3014.0,14659.0,112089.0,276770.0,12286.0,1113897.0,111621.0,
2011-05-01,,50717.0,45463,40193.0,6904.0,21991.0,17798.0,39040.0,369690.0,3090.0,19901.0,134407.0,299355.0,13558.0,1461819.0,130072.0,
2011-06-01,,56559.0,41261,41711.0,6542.0,24831.0,17135.0,44622.0,464488.0,2453.0,18007.0,130947.0,315783.0,13381.0,1648353.0,132007.0,
2011-07-01,,50856.0,36687,49321.0,5934.0,22754.0,15528.0,52600.0,433680.0,2526.0,22838.0,136105.0,347975.0,10139.0,1552053.0,123073.0,18460.0
2011-08-01,,52464.0,37336,45576.0,9124.0,23822.0,19605.0,41884.0,529833.0,3374.0,21493.0,158143.0,307820.0,9357.0,1801037.0,159786.0,40140.0
2011-09-01,,47479.0,35588,42748.0,5949.0,21225.0,14189.0,41115.0,464704.0,4883.0,21065.0,142786.0,291299.0,12580.0,1795771.0,153302.0,26683.0
2011-10-01,,62447.0,31492,64071.0,6572.0,21540.0,15923.0,42519.0,491785.0,5166.0,26567.0,134292.0,394523.0,14874.0,1864129.0,168272.0,26992.0
2011-11-01,,68045.0,50398,82648.0,6802.0,21597.0,11137.0,57136.0,590175.0,4398.0,24820.0,137686.0,360573.0,14275.0,1742811.0,146991.0,27888.0
2011-12-01,56.0,86096.0,47186,79254.0,7303.0,27038.0,13187.0,85973.0,526150.0,5071.0,24737.0,158037.0,437168.0,19320.0,1845286.0,170597.0,30075.0
2012-01-01,88.0,99263.0,53502,69292.0,8117.0,26308.0,11188.0,102658.0,516806.0,7088.0,26386.0,169034.0,490565.0,20903.0,2086471.0,164759.0,33696.0
2012-02-01,239.0,98655.0,60669,79002.0,6130.0,22108.0,11783.0,95967.0,512387.0,6437.0,28212.0,157303.0,389673.0,17193.0,2157798.0,181045.0,35825.0
2012-03-01,388.0,115715.0,58304,84013.0,6056.0,27557.0,12758.0,108325.0,629548.0,6921.0,32702.0,167929.0,449802.0,18073.0,2351834.0,204036.0,37019.0
2012-04-01,1094.0,105654.0,69946,82857.0,5861.0,23996.0,10066.0,115687.0,575840.0,6852.0,38543.0,160956.0,370597.0,18670.0,2491866.0,212222.0,30658.0
2012-05-01,1694.0,119344.0,70967,71884.0,5481.0,28818.0,11937.0,154150.0,610492.0,9717.0,40428.0,190601.0,407570.0,18042.0,2902938.0,254449.0,32923.0
2012-06-01,2548.0,146936.0,74050,64173.0,6950.0,26517.0,15276.0,182512.0,725219.0,8332.0,40621.0,192127.0,417406.0,19455.0,3277873.0,252136.0,36312.0
2012-07-01,3530.0,154792.0,73998,65663.0,6619.0,30222.0,12211.0,211700.0,900013.0,9023.0,63451.0,194168.0,499094.0,19720.0,3447621.0,315156.0,39660.0
2012-08-01,11594.0,168998.0,91247,66565.0,5965.0,33492.0,13659.0,216260.0,677624.0,8683.0,58244.0,247466.0,604885.0,16865.0,3743144.0,335358.0,50317.0
2012-09-01,8020.0,177140.0,81375,58063.0,7583.0,21515.0,11658.0,172784.0,608100.0,8764.0,55191.0,287433.0,552764.0,15583.0,3146375.0,307876.0,48229.0
2012-10-01,9250.0,156223.0,83268,63187.0,7833.0,22590.0,14891.0,183852.0,569663.0,10007.0,48895.0,230617.0,614150.0,14887.0,3203595.0,326844.0,44229.0
2012-11-01,7328.0,160700.0,79410,51444.0,7923.0,26225.0,11180.0,201534.0,640522.0,9004.0,42578.0,272576.0,601005.0,15864.0,3213379.0,304282.0,42939.0
2012-12-01,12024.0,159448.0,79759,48056.0,7060.0,28850.0,12161.0,194728.0,658034.0,8617.0,68637.0,276976.0,472549.0,18844.0,3508364.0,346063.0,48108.0
2013-01-01,12941.0,203172.0,89840,52015.0,7811.0,29399.0,12939.0,211542.0,703464.0,10674.0,65623.0,280247.0,506809.0,23832.0,4372128.0,384907.0,61035.0
2013-02-01,12095.0,197048.0,76238,42916.0,6211.0,26331.0,13378.0,175097.0,595261.0,8719.0,89314.0,285097.0,433931.0,20643.0,3546841.0,380525.0,49436.0
2013-03-01,13809.0,197136.0,90009,45333.0,7489.0,27123.0,11638.0,196159.0,676816.0,8841.0,69717.0,368511.0,418384.0,16322.0,4010606.0,416853.0,56990.0
2013-04-01,14587.0,199333.0,100134,49562.0,5478.0,24922.0,12749.0,207198.0,654303.0,10642.0,248829.0,507245.0,455869.0,13136.0,3995359.0,431953.0,58632.0
2013-05-01,19763.0,210553.0,99332,42737.0,6278.0,24020.0,13807.0,244021.0,784370.0,13012.0,184904.0,397357.0,440744.0,12776.0,3940228.0,425447.0,49629.0
2013-06-01,15135.0,205850.0,82450,40002.0,6585.0,29263.0,14062.0,212144.0,1454977.0,9449.0,161356.0,334723.0,414190.0,12170.0,3904314.0,418554.0,46742.0
2013-07-01,14857.0,170219.0,99453,42897.0,5619.0,60138.0,15521.0,282376.0,988879.0,22389.0,227390.0,399545.0,417265.0,12127.0,4336740.0,461472.0,92802.0
2013-08-01,20575.0,210999.0,96671,50458.0,6176.0,77700.0,14855.0,259369.0,798010.0,31279.0,200960.0,391544.0,325334.0,12422.0,3930570.0,436515.0,139693.0
2013-09-01,18766.0,188295.0,92580,43049.0,6174.0,53355.0,10799.0,192048.0,714819.0,35611.0,189442.0,408585.0,289758.0,9587.0,3552662.0,357889.0,132135.0
2013-10-01,15154.0,210055.0,98046,39430.0,6254.0,58356.0,14792.0,214783.0,611508.0,38188.0,256961.0,359518.0,383427.0,10637.0,4095538.0,459103.0,148750.0
2013-11-01,22548.0,209942.0,75544,43015.0,5934.0,55879.0,15132.0,212137.0,801638.0,55822.0,221877.0,344022.0,246923.0,10682.0,4129483.0,435105.0,132576.0
2013-12-01,18140.0,217185.0,74569,42665.0,7801.0,62008.0,12882.0,240583.0,593319.0,45989.0,244224.0,389555.0,231486.0,12503.0,4306039.0,450177.0,161385.0
2014-01-01,21230.0,239017.0,86906,51420.0,7860.0,72829.0,12279.0,257928.0,621818.0,54287.0,264845.0,440292.0,250320.0,10649.0,4392050.0,484446.0,177732.0
2014-02-01,15134.0,201045.0,79451,49114.0,6255.0,53837.0,13536.0,214946.0,500579.0,49489.0,240164.0,346169.0,209800.0,8946.0,3730143.0,408765.0,156739.0
2014-03-01,22127.0,233781.0,95816,56898.0,6566.0,81314.0,12690.0,245404.0,511765.0,54645.0,343530.0,639733.0,214429.0,10795.0,4137213.0,476573.0,187461.0
2014-04-01,20558.0,188801.0,89943,54320.0,5916.0,71807.0,12490.0,248594.0,428171.0,61772.0,306415.0,438622.0,234795.0,8444.0,4240732.0,470928.0,160125.0
2014-05-01,43903.0,143746.0,77195,53608.0,13267.0,83024.0,12331.0,284265.0,443167.0,59598.0,273893.0,450551.0,208054.0,20029.0,4100290.0,481337.0,171783.0
2014-06-01,42587.0,122650.0,78943,45291.0,17592.0,66127.0,10755.0,253548.0,513802.0,49245.0,326152.0,407088.0,238573.0,16793.0,4075383.0,447316.0,176826.0
2014-07-01,50913.0,129235.0,73684,40794.0,23404.0,80830.0,12451.0,288717.0,434699.0,63577.0,334540.0,778955.0,240518.0,16813.0,4829146.0,509263.0,208484.0
2014-08-01,45724.0,153822.0,75157,46403.0,20185.0,71034.0,12079.0,320932.0,488487.0,61653.0,429003.0,756978.0,216458.0,17579.0,4658614.0,505326.0,190486.0
2014-09-01,40718.0,164441.0,95730,45444.0,32307.0,68427.0,9282.0,259859.0,348863.0,58408.0,393211.0,625737.0,195318.0,13905.0,3994094.0,444843.0,178618.0
2014-10-01,44157.0,158760.0,84986,47977.0,26570.0,55050.0,10488.0,276013.0,328927.0,73514.0,414994.0,582970.0,207781.0,20861.0,3918782.0,467260.0,189797.0
2014-11-01,43477.0,139878.0,72630,47642.0,21466.0,63871.0,11139.0,307992.0,384742.0,63870.0,441544.0,464014.0,256737.0,13752.0,3647570.0,426981.0,182657.0
2014-12-01,49846.0,153048.0,78060,43613.0,21640.0,71930.0,13267.0,357879.0,369259.0,82100.0,491026.0,546618.0,204419.0,15586.0,4033299.0,489047.0,218762.0
2015-01-01,52346.0,152611.0,89549,50160.0,27069.0,78575.0,12478.0,370381.0,383858.0,70940.0,441657.0,670869.0,220647.0,24192.0,4712729.0,599295.0,233883.0
2015-02-01,54062.0,153469.0,87412,50590.0,23400.0,57680.0,11890.0,333552.0,372998.0,84337.0,405582.0,546080.0,197702.0,13908.0,3884138.0,489837.0,199511.0
2015-03-01,61942.0,155711.0,100932,52080.0,22734.0,66975.0,12104.0,322439.0,381865.0,90599.0,471788.0,570683.0,243707.0,19945.0,4110324.0,558041.0,228661.0
2015-04-01,59075.0,143946.0,78456,55084.0,24363.0,85854.0,14509.0,388167.0,447395.0,87407.0,569881.0,496262.0,250930.0,19176.0,4158851.0,514278.0,211747.0
2015-05-01,75001.0,137142.0,89413,53017.0,25173.0,72193.0,11893.0,376601.0,361264.0,96754.0,548287.0,490346.0,244927.0,16943.0,4234943.0,519899.0,223148.0
2015-06-01,66115.0,140422.0,81042,45731.0,25755.0,67683.0,14116.0,322457.0,524641.0,113161.0,581187.0,524528.0,283548.0,17570.0,4140431.0,470202.0,213406.0
2015-07-01,67026.0,204302.0,92715,57506.0,25820.0,86849.0,11847.0,399828.0,387310.0,91513.0,611569.0,572139.0,337658.0,14569.0,4377930.0,533598.0,232282.0
2015-08-01,56303.0,162453.0,80139,57130.0,24364.0,78081.0,10703.0,387407.0,366750.0,101748.0,613712.0,538333.0,382764.0,15508.0,4269060.0,544576.0,217703.0
2015-09-01,61724.0,148485.0,79722,50162.0,28443.0,57313.0,11445.0,308777.0,354836.0,115506.0,542414.0,618790.0,411708.0,16050.0,3949489.0,529890.0,217125.0
2015-10-01,78711.0,165993.0,105117,52747.0,29447.0,56015.0,11284.0,372576.0,400557.0,98320.0,608464.0,633161.0,530228.0,16586.0,4058659.0,515580.0,219586.0
2015-11-01,65039.0,125742.0,88565,47043.0,29877.0,63913.0,10021.0,356381.0,481903.0,102633.0,665606.0,818110.0,504971.0,15042.0,4072778.0,455799.0,221704.0
2015-12-01,70597.0,151215.0,84129,49664.0,29808.0,68060.0,16263.0,538616.0,392822.0,109631.0,804649.0,639233.0,586805.0,13896.0,4412697.0,517083.0,222400.0
2016-01-01,69621.0,143404.0,84261,48881.0,23257.0,80222.0,13572.0,482486.0,356731.0,121921.0,719681.0,765418.0,763624.0,16576.0,4713176.0,544662.0,225730.0
2016-02-01,76261.0,166167.0,86158,47574.0,24442.0,67698.0,10768.0,431584.0,330173.0,116982.0,573913.0,523743.0,1306979.0,14906.0,4217458.0,496227.0,201438.0
2016-03-01,79230.0,142963.0,85202,47749.0,28539.0,68882.0,12373.0,493253.0,377852.0,118967.0,560741.0,609560.0,1630365.0,17185.0,4411186.0,514174.0,194052.0
2016-04-01,84006.0,140830.0,95052,43897.0,32991.0,71821.0,9958.0,486981.0,380710.0,112497.0,517184.0,543268.0,1325274.0,14348.0,4399509.0,499431.0,173963.0
2016-05-01,86675.0,152865.0,84759,42645.0,28195.0,65972.0,10674.0,455249.0,481148.0,123177.0,580117.0,585533.0,1286712.0,15874.0,4504291.0,513393.0,166326.0
2016-06-01,83733.0,154349.0,73415,48091.0,29315.0,71825.0,10043.0,417320.0,479077.0,123232.0,720563.0,731553.0,1360553.0,16579.0,4595724.0,462229.0,148820.0
2016-07-01,78961.0,155670.0,89831,48321.0,30777.0,70896.0,11967.0,480236.0,396168.0,132081.0,768703.0,864721.0,1876939.0,21976.0,4886957.0,431973.0,131070.0
2016-08-01,89328.0,135489.0,95074,45982.0,29761.0,84680.0,10978.0,539455.0,461656.0,163483.0,582453.0,677008.0,1465028.0,17357.0,5116322.0,458352.0,134492.0
2016-09-01,87098.0,162137.0,88100,49157.0,41597.0,66714.0,10300.0,350594.0,399526.0,153585.0,572037.0,602345.0,1798969.0,13083.0,4529096.0,439044.0,122993.0
2016-10-01,104994.0,159957.0,72083,41005.0,52615.0,71108.0,8508.0,322114.0,470172.0,145606.0,541114.0,602987.0,2248505.0,15802.0,4755738.0,439086.0,130116.0
2016-11-01,140319.0,178045.0,82337,45159.0,29414.0,64321.0,10118.0,322840.0,443280.0,178783.0,636531.0,620626.0,2654567.0,21656.0,4738072.0,425345.0,137958.0
2016-12-01,134993.0,162635.0,90410,43586.0,41847.0,79309.0,11384.0,416695.0,484584.0,164930.0,620686.0,766258.0,1797923.0,14728.0,5121161.0,481198.0,159141.0
2017-01-01,126124.0,170450.0,87618,49212.0,39593.0,89458.0,10350.0,404581.0,504531.0,168433.0,946227.0,1019006.0,2230022.0,21419.0,5313830.0,489336.0,163318.0
2017-02-01,121920.0,139259.0,86215,42911.0,27607.0,83071.0,9486.0,399193.0,418854.0,192469.0,796761.0,836502.0,1970905.0,22370.0,4450117.0,456833.0,152368.0
2017-03-01,115929.0,178170.0,97784,49470.0,30264.0,77423.0,14752.0,477516.0,562149.0,174963.0,659546.0,819574.0,1822765.0,21560.0,5139326.0,483598.0,170652.0
2017-04-01,88855.0,127458.0,105017,50908.0,41457.0,91827.0,10708.0,345106.0,470602.0,159893.0,722775.0,868838.0,1411121.0,17024.0,5062192.0,477476.0,150649.0
2017-05-01,110433.0,139136.0,91449,49821.0,28913.0,84811.0,9065.0,397599.0,464366.0,216249.0,738581.0,988519.0,2030187.0,16107.0,5477121.0,496047.0,149208.0
2017-06-01,117869.0,125125.0,105277,58149.0,37715.0,70676.0,7895.0,404619.0,576207.0,168260.0,755004.0,909940.0,1818667.0,14185.0,5236463.0,454635.0,133927.0
2017-07-01,87475.0,127139.0,107387,48231.0,30978.0,86259.0,10482.0,461876.0,423183.0,220545.0,647178.0,742803.0,1711021.0,14222.0,5467148.0,492166.0,132028.0
2017-08-01,78575.0,154170.0,112192,48557.0,27217.0,86788.0,9744.0,393650.0,459526.0,200879.0,860524.0,741489.0,1824183.0,18059.0,5251325.0,466621.0,116235.0
2017-09-01,96642.0,142947.0,115390,46936.0,48229.0,81035.0,15154.0,375149.0,440709.0,200070.0,760510.0,743358.0,1339216.0,19566.0,4761416.0,468165.0,112811.0
2017-10-01,98416.0,129430.0,122227,48349.0,41941.0,76470.0,14297.0,405317.0,551013.0,222215.0,914166.0,761347.0,1587025.0,17096.0,4827533.0,444382.0,86169.0
2017-11-01,96733.0,160754.0,125703,50027.0,36507.0,82729.0,8937.0,468864.0,808717.0,280782.0,817246.0,790343.0,1618003.0,16276.0,5018200.0,544051.0,89996.0
2017-12-01,99698.0,166768.0,112742,50680.0,33618.0,73874.0,11633.0,581236.0,593259.0,176532.0,775487.0,750840.0,1718151.0,19335.0,5154549.0,465705.0,86205.0
2018-01-01,111844.0,141021.0,118836,45704.0,34287.0,98800.0,12474.0,508580.0,529835.0,228140.0,786220.0,817698.0,1833155.0,14692.0,5189011.0,531789.0,83118.0
2018-02-01,95052.0,144462.0,112499,49012.0,36625.0,75307.0,13119.0,460481.0,537868.0,172307.0,884021.0,632136.0,1772210.0,15269.0,4881605.0,530083.0,90835.0
2018-03-01,123750.0,159786.0,128385,46955.0,34877.0,93601.0,9354.0,492160.0,640622.0,168683.0,871283.0,858995.0,1979944.0,30129.0,5372949.0,549412.0,89366.0
2018-04-01,93317.0,135521.0,106749,41782.0,18249.0,78979.0,11148.0,472151.0,610583.0,164855.0,755737.0,860540.0,1742590.0,17527.0,5270793.0,550151.0,93334.0
2018-05-01,84283.0,144157.0,97354,43222.0,31493.0,90809.0,16094.0,464060.0,716857.0,218073.0,794269.0,902518.0,1722110.0,19946.0,5518935.0,539402.0,89079.0
2018-06-01,77394.0,131567.0,106488,43268.0,27838.0,78623.0,14540.0,405987.0,828268.0,182573.0,811815.0,1062784.0,2031934.0,20048.0,5348028.0,469375.0,90496.0
2018-07-01,89899.0,155088.0,141910,38526.0,31397.0,84008.0,15415.0,519702.0,635768.0,174493.0,802742.0,1079831.0,2048489.0,21293.0,5652408.0,501654.0,93639.0
2018-08-01,97329.0,162301.0,154570,41194.0,31309.0,72274.0,13123.0,402529.0,628372.0,167615.0,805752.0,890677.0,1969566.0,20072.0,5765526.0,570018.0,82372.0
2018-09-01,102157.0,154483.0,110677,35002.0,30074.0,68040.0,9988.0,385892.0,711163.0,148009.0,618991.0,807132.0,2245297.0,18697.0,5239694.0,515023.0,79283.0
2018-10-01,98442.0,139726.0,128346,38091.0,32278.0,72544.0,11432.0,363918.0,693735.0,159497.0,758533.0,834164.0,2208780.0,13291.0,5834041.0,530180.0,85685.0
2018-11-01,92589.0,110920.0,107122,41245.0,29988.0,66455.0,8182.0,339471.0,836769.0,133031.0,730270.0,850529.0,2242148.0,13448.0,5615438.0,508915.0,96958.0
2018-12-01,92908.0,131494.0,118250,39319.0,32815.0,82044.0,13735.0,459659.0,876285.0,138979.0,646910.0,856347.0,1856398.0,13468.0,6003121.0,537275.0,103943.0
2019-01-01,112917.0,147228.0,130999,48363.0,37943.0,116359.0,15071.0,468402.0,782731.0,145932.0,745642.0,911354.0,2670435.0,15316.0,6969614.0,585388.0,101386.0
2019-02-01,108333.0,134707.0,119460,38294.0,29620.0,55963.0,12890.0,445479.0,781667.0,143410.0,620350.0,726938.0,2224000.0,14080.0,6092668.0,525414.0,86845.0
2019-03-01,107705.0,144581.0,130499,46738.0,32606.0,70038.0,11562.0,474097.0,809241.0,148565.0,773857.0,1113851.0,2092409.0,13891.0,6655630.0,590859.0,86166.0
2019-04-01,102047.0,140659.0,156474,40239.0,33709.0,57124.0,9628.0,510046.0,670338.0,158243.0,601073.0,886035.0,1757892.0,15410.0,6620143.0,516064.0,89261.0
2019-05-01,107280.0,125815.0,159447,33419.0,36212.0,68353.0,10611.0,431486.0,574920.0,218658.0,606868.0,773045.0,1687479.0,16968.0,6891945.0,487543.0,95845.0
2019-06-01,98315.0,124127.0,136981,37614.0,37023.0,67367.0,11352.0,356860.0,667451.0,153386.0,627286.0,841639.0,1722091.0,14143.0,7290460.0,445427.0,82442.0
2019-07-01,103362.0,131889.0,155712,34065.0,26600.0,77020.0,10915.0,507722.0,611020.0,157358.0,688370.0,831574.0,2095722.0,14636.0,8081676.0,507032.0,89647.0
2019-08-01,114716.0,132393.0,153658,30243.0,34739.0,60090.0,12784.0,418814.0,647529.0,174208.0,916530.0,912374.0,1959156.0,11888.0,7753459.0,515881.0,98253.0
2019-09-01,111856.0,112966.0,158813,28735.0,30616.0,54715.0,11642.0,322490.0,477510.0,145072.0,657629.0,814793.0,1765203.0,9270.0,6286595.0,416536.0,81825.0
